geo,date,deathTot,deathExp
Austria,2020-01-05,1609,1809.2
Austria,2020-01-12,1702,1857.2
Austria,2020-01-19,1797,1786.6
Austria,2020-01-26,1779,1747.2
Austria,2020-02-02,1947,1818.8
Austria,2020-02-09,1680,1837
Austria,2020-02-16,1721,1812.8
Austria,2020-02-23,1718,1822.2
Austria,2020-03-01,1768,1816.2
Austria,2020-03-08,1744,1753.8
Austria,2020-03-15,1718,1711.8
Austria,2020-03-22,1836,1598.4
Austria,2020-03-29,1764,1646.2
Austria,2020-04-05,1828,1585.4
Austria,2020-04-12,1794,1546.4
Austria,2020-04-19,1703,1523.6
Austria,2020-04-26,1588,1470.2
Austria,2020-05-03,1480,1465
Austria,2020-05-10,1518,1440
Austria,2020-05-17,1488,1463
Austria,2020-05-24,1480,1422
Austria,2020-05-31,1412,1414.6
Austria,2020-06-07,1490,1413.4
Austria,2020-06-14,1460,1444.2
Austria,2020-06-21,1412,1408.2
Austria,2020-06-28,1435,1400.8
Austria,2020-07-05,1557,1435.4
Austria,2020-07-12,1382,1377.4
Austria,2020-07-19,1442,1469.8
Austria,2020-07-26,1443,1489
Austria,2020-08-02,1514,1505.2
Austria,2020-08-09,1424,1426.2
Austria,2020-08-16,1613,1460.8
Belgium,2020-01-05,2300,2422.66666666667
Belgium,2020-01-12,2355,2474
Belgium,2020-01-19,2270,2407
Belgium,2020-01-26,2208,2439.66666666667
Belgium,2020-02-02,2345,2597.66666666667
Belgium,2020-02-09,2190,2544
Belgium,2020-02-16,2250,2534.66666666667
Belgium,2020-02-23,2352,2488.33333333333
Belgium,2020-03-01,2222,2580
Belgium,2020-03-08,2180,2501
Belgium,2020-03-15,2262,2369.66666666667
Belgium,2020-03-22,2712,2298
Belgium,2020-03-29,3434,2192.33333333333
Belgium,2020-04-05,4126,2101.66666666667
Belgium,2020-04-12,4198,2039.33333333333
Belgium,2020-04-19,3536,2029
Belgium,2020-04-26,2856,2019
Belgium,2020-05-03,2327,1989.66666666667
Belgium,2020-05-10,2304,2006.66666666667
Belgium,2020-05-17,1992,2013.33333333333
Belgium,2020-05-24,2066,1954
Belgium,2020-05-31,1921,1991.66666666667
Belgium,2020-06-07,1786,1850.66666666667
Belgium,2020-06-14,1927,1818.66666666667
Belgium,2020-06-21,1783,1941.33333333333
Belgium,2020-06-28,1917,1924.33333333333
Belgium,2020-07-05,1722,1953
Belgium,2020-07-12,1668,1823.66666666667
Belgium,2020-07-19,1851,1898.33333333333
Belgium,2020-07-26,1823,2100
Belgium,2020-08-02,1901,1964.33333333333
United Kingdom,2020-01-05,16020,15936
United Kingdom,2020-01-12,14723,15048.6
United Kingdom,2020-01-19,13429,14519
United Kingdom,2020-01-26,13123,13917.6
United Kingdom,2020-02-02,12534,13476.2
United Kingdom,2020-02-09,12412,13335
United Kingdom,2020-02-16,12300,13017.4
United Kingdom,2020-02-23,12334,12679.8
United Kingdom,2020-03-01,12414,13138
United Kingdom,2020-03-08,12499,12686.8
United Kingdom,2020-03-15,12112,12319
United Kingdom,2020-03-22,12507,11394.2
United Kingdom,2020-03-29,18565,11442.8
United Kingdom,2020-04-05,20929,11949.8
United Kingdom,2020-04-12,24691,11959.6
United Kingdom,2020-04-19,24303,11944.8
United Kingdom,2020-04-26,20059,11595.4
United Kingdom,2020-05-03,14428,10586.4
United Kingdom,2020-05-10,16390,11686.4
United Kingdom,2020-05-17,13839,11335.6
United Kingdom,2020-05-24,11268,9811.4
United Kingdom,2020-05-31,12106,10916.8
United Kingdom,2020-06-07,11302,10817
United Kingdom,2020-06-14,11294,10713.2
United Kingdom,2020-06-21,10282,10621.2
United Kingdom,2020-06-28,10412,10504.2
United Kingdom,2020-07-05,9941,10468
United Kingdom,2020-07-12,10096,10353.4
United Kingdom,2020-07-19,10159,10336.6
United Kingdom,2020-07-26,10262,10337.4
United Kingdom,2020-08-02,10236,10350.8
United Kingdom,2020-08-09,10592,10386.2
Chile,2020-01-05,2143,1905
Chile,2020-01-12,2095,1850.2
Chile,2020-01-19,2013,1859
Chile,2020-01-26,2019,1905.6
Chile,2020-02-02,1951,1904.8
Chile,2020-02-09,1989,1885.8
Chile,2020-02-16,1917,1822
Chile,2020-02-23,1806,1864.8
Chile,2020-03-01,1917,1799.8
Chile,2020-03-08,1966,1800.6
Chile,2020-03-15,1924,1806.6
Chile,2020-03-22,1949,1799.4
Chile,2020-03-29,1972,1806
Chile,2020-04-05,2057,1880.8
Chile,2020-04-12,1999,1892.2
Chile,2020-04-19,2130,1931
Chile,2020-04-26,2120,1984
Chile,2020-05-03,2053,1964
Chile,2020-05-10,2343,1935.4
Chile,2020-05-17,2502,2033.2
Chile,2020-05-24,2980,2125.8
Chile,2020-05-31,3476,2181.2
Chile,2020-06-07,3845,2221
Chile,2020-06-14,4016,2324
Chile,2020-06-21,3696,2397.4
Chile,2020-06-28,3446,2391.8
Chile,2020-07-05,3168,2356.8
Chile,2020-07-12,2960,2364.6
Chile,2020-07-19,2753,2354.2
Chile,2020-07-26,2753,2394.2
Chile,2020-08-02,2602,2332
Chile,2020-08-09,2469,2290.6
Chile,2020-08-16,2466,2219
Chile,2020-08-23,2540,2252.4
Denmark,2020-01-05,1121,1105.8
Denmark,2020-01-12,1156,1130
Denmark,2020-01-19,1011,1082.6
Denmark,2020-01-26,1071,1109.2
Denmark,2020-02-02,1090,1143.4
Denmark,2020-02-09,1085,1150.2
Denmark,2020-02-16,1033,1157
Denmark,2020-02-23,1019,1150.2
Denmark,2020-03-01,1040,1185.6
Denmark,2020-03-08,1044,1176.2
Denmark,2020-03-15,1102,1148.4
Denmark,2020-03-22,1156,1138.8
Denmark,2020-03-29,1098,1070.4
Denmark,2020-04-05,1181,1061.8
Denmark,2020-04-12,1085,1067
Denmark,2020-04-19,1093,1022.4
Denmark,2020-04-26,1084,985.2
Denmark,2020-05-03,1002,1021.6
Denmark,2020-05-10,1001,1031
Denmark,2020-05-17,991,971.4
Denmark,2020-05-24,974,961
Denmark,2020-05-31,970,986.4
Denmark,2020-06-07,938,967.2
Denmark,2020-06-14,1009,970
Denmark,2020-06-21,935,960.2
Denmark,2020-06-28,1000,942.6
Denmark,2020-07-05,980,942
Denmark,2020-07-12,994,944.8
Denmark,2020-07-19,976,947.2
France,2020-01-05,12883,13441
France,2020-01-12,12860,13474
France,2020-01-19,12326,13081.2
France,2020-01-26,12309,13077.4
France,2020-02-02,12440,13098
France,2020-02-09,12138,13107.8
France,2020-02-16,12132,13026.4
France,2020-02-23,11513,12780.6
France,2020-03-01,12034,12748.4
France,2020-03-08,12222,12477.4
France,2020-03-15,12925,11897.8
France,2020-03-22,14200,11718.6
France,2020-03-29,17244,11484.8
France,2020-04-05,18739,11291.8
France,2020-04-12,16846,11132.8
France,2020-04-19,14508,10964.6
France,2020-04-26,12400,10772.2
France,2020-05-03,11113,10733.2
France,2020-05-10,10763,10577.4
France,2020-05-17,10923,10404.4
France,2020-05-24,10854,10432.6
France,2020-05-31,10404,10341
France,2020-06-07,10185,10043.2
France,2020-06-14,10377,10042.4
France,2020-06-21,10505,10295.2
France,2020-06-28,10579,10424.4
France,2020-07-05,9875,10565.6
France,2020-07-12,9898,10143
Germany,2020-01-05,19055,19261.25
Germany,2020-01-12,19552,19617
Germany,2020-01-19,18919,19458.25
Germany,2020-01-26,19296,19908.75
Germany,2020-02-02,19710,20281.75
Germany,2020-02-09,19054,20379.75
Germany,2020-02-16,19397,20669.25
Germany,2020-02-23,19027,21054.25
Germany,2020-03-01,19618,21488.75
Germany,2020-03-08,19644,21323.75
Germany,2020-03-15,19870,20400
Germany,2020-03-22,19339,19704.75
Germany,2020-03-29,20100,18845.75
Germany,2020-04-05,20867,18594
Germany,2020-04-12,19809,17963.75
Germany,2020-04-19,19203,17317.75
Germany,2020-04-26,18324,17368.5
Germany,2020-05-03,17681,16963.5
Germany,2020-05-10,17491,17316
Germany,2020-05-17,17033,16967.5
Germany,2020-05-24,16929,16589
Germany,2020-05-31,16705,16865.25
Germany,2020-06-07,16967,16445
Germany,2020-06-14,16576,15955.75
Germany,2020-06-21,16513,16392.5
Germany,2020-06-28,16842,16773.75
Germany,2020-07-05,16421,16192.75
Germany,2020-07-12,15967,16203
Germany,2020-07-19,16358,16582
Germany,2020-07-26,16805,17697
Italy,2020-01-05,12981,14621
Italy,2020-01-12,13117,14740.2
Italy,2020-01-19,12962,14362.2
Italy,2020-01-26,13247,14028
Italy,2020-02-02,12809,13987.8
Italy,2020-02-09,12528,13440.6
Italy,2020-02-16,12617,13299.2
Italy,2020-02-23,12601,12939.2
Italy,2020-03-01,12830,12940.2
Italy,2020-03-08,14614,12590
Italy,2020-03-15,18034,12269.2
Italy,2020-03-22,21642,11976
Italy,2020-03-29,21545,11684.2
Italy,2020-04-05,18531,11599.6
Italy,2020-04-12,16974,11457
Italy,2020-04-19,14644,11148.6
Italy,2020-04-26,13003,11026.8
Italy,2020-05-03,11720,10885.2
Italy,2020-05-10,11278,10890.8
Italy,2020-05-17,10866,10603.8
Italy,2020-05-24,10149,10585.4
Italy,2020-05-31,9874,10600.4
Italy,2020-06-07,9825,10753.2
Italy,2020-06-14,9422,10570.2
Italy,2020-06-21,9875,10358.4
Italy,2020-06-28,10542,10726
Netherlands,2020-01-05,3364,3355
Netherlands,2020-01-12,3154,3319.6
Netherlands,2020-01-19,3045,3288.8
Netherlands,2020-01-26,3162,3322.8
Netherlands,2020-02-02,3193,3307.4
Netherlands,2020-02-09,3198,3311.6
Netherlands,2020-02-16,2958,3341.4
Netherlands,2020-02-23,3096,3322.2
Netherlands,2020-03-01,3103,3333.4
Netherlands,2020-03-08,3216,3322
Netherlands,2020-03-15,3612,3146.4
Netherlands,2020-03-22,4458,3066.6
Netherlands,2020-03-29,5084,2970.2
Netherlands,2020-04-05,4977,2920.4
Netherlands,2020-04-12,4299,2874
Netherlands,2020-04-19,3905,2802
Netherlands,2020-04-26,3378,2732.6
Netherlands,2020-05-03,2981,2736
Netherlands,2020-05-10,2772,2787.4
Netherlands,2020-05-17,2768,2703.4
Netherlands,2020-05-24,2724,2710.2
Netherlands,2020-05-31,2681,2698
Netherlands,2020-06-07,2691,2644
Netherlands,2020-06-14,2690,2614.6
Netherlands,2020-06-21,2659,2641.4
Netherlands,2020-06-28,2633,2698.4
Netherlands,2020-07-05,2610,2692.6
Netherlands,2020-07-12,2519,2593.8
Netherlands,2020-07-19,2666,2737.2
Netherlands,2020-07-26,2640,2620.2
Netherlands,2020-08-02,2623,2588.4
Netherlands,2020-08-09,3172,2620.2
Netherlands,2020-08-16,2828,2569.4
Norway,2020-01-05,860,924.4
Norway,2020-01-12,948,917.6
Norway,2020-01-19,836,907.2
Norway,2020-01-26,862,884.8
Norway,2020-02-02,815,895.2
Norway,2020-02-09,798,864
Norway,2020-02-16,857,875.6
Norway,2020-02-23,813,867.6
Norway,2020-03-01,838,877.4
Norway,2020-03-08,799,868.4
Norway,2020-03-15,824,828.2
Norway,2020-03-22,805,817
Norway,2020-03-29,854,781.4
Norway,2020-04-05,831,799.4
Norway,2020-04-12,839,785.6
Norway,2020-04-19,813,765.8
Norway,2020-04-26,774,780
Norway,2020-05-03,752,741.6
Norway,2020-05-10,738,736.4
Norway,2020-05-17,685,724.6
Norway,2020-05-24,739,732.2
Norway,2020-05-31,660,713.6
Norway,2020-06-07,675,714.2
Norway,2020-06-14,727,722.6
Norway,2020-06-21,734,724
Norway,2020-06-28,678,734.2
Norway,2020-07-05,684,748.6
Norway,2020-07-12,659,718
Norway,2020-07-19,734,723.2
Norway,2020-07-26,709,722.4
Norway,2020-08-02,706,693.4
Norway,2020-08-09,663,718.2
Portugal,2020-01-05,2574,2859.4
Portugal,2020-01-12,2726,2878.8
Portugal,2020-01-19,2704,2812
Portugal,2020-01-26,2732,2833.4
Portugal,2020-02-02,2681,2686.8
Portugal,2020-02-09,2374,2686.2
Portugal,2020-02-16,2302,2585.4
Portugal,2020-02-23,2350,2556.4
Portugal,2020-03-01,2282,2442.8
Portugal,2020-03-08,2217,2323
Portugal,2020-03-15,2374,2257.6
Portugal,2020-03-22,2461,2224.4
Portugal,2020-03-29,2594,2192
Portugal,2020-04-05,2670,2182.8
Portugal,2020-04-12,2561,2120.4
Portugal,2020-04-19,2341,2018.6
Portugal,2020-04-26,2279,1988.4
Portugal,2020-05-03,2176,1995.8
Portugal,2020-05-10,2158,1940.6
Portugal,2020-05-17,2025,1945
Portugal,2020-05-24,2167,1937.2
Portugal,2020-05-31,2243,1917
Portugal,2020-06-07,1949,1893
Portugal,2020-06-14,1893,1851.8
Portugal,2020-06-21,2047,2027.4
Portugal,2020-06-28,2076,1862.6
Portugal,2020-07-05,2080,1828.6
Portugal,2020-07-12,2361,1817
Portugal,2020-07-19,2665,1867.4
Portugal,2020-07-26,2339,1859
Portugal,2020-08-02,2165,1909.8
Portugal,2020-08-09,2078,1924.4
Portugal,2020-08-16,1907,1853.8
Portugal,2020-08-23,2028,1905.6
South Africa,2020-01-05,9931,9029
South Africa,2020-01-12,8726,8938
South Africa,2020-01-19,8300,8420
South Africa,2020-01-26,8328,8088
South Africa,2020-02-02,9193,8577
South Africa,2020-02-09,8739,8564
South Africa,2020-02-16,8600,8189
South Africa,2020-02-23,8325,8262
South Africa,2020-03-01,8735,8909
South Africa,2020-03-08,9082,8613
South Africa,2020-03-15,8573,8365
South Africa,2020-03-22,8421,8396
South Africa,2020-03-29,8272,8811
South Africa,2020-04-05,8112,8823
South Africa,2020-04-12,8181,8660
South Africa,2020-04-19,7994,8680
South Africa,2020-04-26,7632,9086
South Africa,2020-05-03,8301,9447
South Africa,2020-05-10,8469,9501
South Africa,2020-05-17,8616,9358
South Africa,2020-05-24,8784,9578
South Africa,2020-05-31,9884,10195
South Africa,2020-06-07,10165,10880
South Africa,2020-06-14,11066,11130
South Africa,2020-06-21,12044,11129
South Africa,2020-06-28,12646,10760
South Africa,2020-07-05,13957,10815
South Africa,2020-07-12,15115,9935
South Africa,2020-07-19,16404,9966
South Africa,2020-07-26,15385,9733
South Africa,2020-08-02,14364,9921
South Africa,2020-08-09,12720,9875
South Africa,2020-08-16,11942,9534
Spain,2020-01-05,8393,9038.25
Spain,2020-01-12,9186,9269
Spain,2020-01-19,9450,9366
Spain,2020-01-26,9468,9249.75
Spain,2020-02-02,9375,9122.75
Spain,2020-02-09,8569,9151
Spain,2020-02-16,8245,9005
Spain,2020-02-23,7960,8703.75
Spain,2020-03-01,7977,8555.75
Spain,2020-03-08,8131,8459.5
Spain,2020-03-15,9582,8240.5
Spain,2020-03-22,14085,8125.25
Spain,2020-03-29,19358,8000
Spain,2020-04-05,18391,7856
Spain,2020-04-12,14736,7777.5
Spain,2020-04-19,11569,7571.5
Spain,2020-04-26,9310,7474
Spain,2020-05-03,8365,7393
Spain,2020-05-10,7658,7406
Spain,2020-05-17,7006,7294
Spain,2020-05-24,7379,7277
Spain,2020-05-31,7187,7185.5
Spain,2020-06-07,6552,7172.5
Spain,2020-06-14,6606,7113.5
Spain,2020-06-21,6777,7102
Spain,2020-06-28,7151,7269.25
Spain,2020-07-05,7238,7301.75
Spain,2020-07-12,7287,7292.5
Spain,2020-07-19,7231,7164.5
Spain,2020-07-26,7431,7121
Spain,2020-08-02,8271,7128
Spain,2020-08-09,8055,7117
Spain,2020-08-16,7335,6960.25
Spain,2020-08-23,7497,6937.75
Sweden,2020-01-05,1878,1987.6
Sweden,2020-01-12,1867,1942
Sweden,2020-01-19,1791,1954.2
Sweden,2020-01-26,1794,1912.6
Sweden,2020-02-02,1794,1907
Sweden,2020-02-09,1773,1898.8
Sweden,2020-02-16,1823,1923
Sweden,2020-02-23,1776,2012
Sweden,2020-03-01,1751,1961.8
Sweden,2020-03-08,1831,1924.6
Sweden,2020-03-15,1784,1875.4
Sweden,2020-03-22,1882,1800.2
Sweden,2020-03-29,2106,1825.8
Sweden,2020-04-05,2449,1818.4
Sweden,2020-04-12,2562,1726.4
Sweden,2020-04-19,2459,1752.4
Sweden,2020-04-26,2259,1715.8
Sweden,2020-05-03,2241,1649
Sweden,2020-05-10,2151,1633.2
Sweden,2020-05-17,1938,1580.4
Sweden,2020-05-24,1823,1535.6
Sweden,2020-05-31,1721,1582
Sweden,2020-06-07,1703,1530.6
Sweden,2020-06-14,1715,1521.8
Sweden,2020-06-21,1628,1520.6
Sweden,2020-06-28,1646,1560.6
Sweden,2020-07-05,1575,1591.8
Sweden,2020-07-12,1534,1573.4
Sweden,2020-07-19,1534,1557.6
Sweden,2020-07-26,1536,1573.6
Sweden,2020-08-02,1500,1581.6
Sweden,2020-08-09,1532,1522.8
Switzerland,2020-01-05,1350,1477
Switzerland,2020-01-12,1395,1468
Switzerland,2020-01-19,1398,1481.2
Switzerland,2020-01-26,1411,1474.2
Switzerland,2020-02-02,1373,1477
Switzerland,2020-02-09,1371,1538.4
Switzerland,2020-02-16,1355,1483.4
Switzerland,2020-02-23,1328,1489.6
Switzerland,2020-03-01,1346,1461.6
Switzerland,2020-03-08,1384,1419.2
Switzerland,2020-03-15,1514,1349.8
Switzerland,2020-03-22,1607,1295.4
Switzerland,2020-03-29,1865,1286.8
Switzerland,2020-04-05,1628,1245
Switzerland,2020-04-12,1555,1252.2
Switzerland,2020-04-19,1357,1188.4
Switzerland,2020-04-26,1238,1203.8
Switzerland,2020-05-03,1167,1195
Switzerland,2020-05-10,1139,1171
Switzerland,2020-05-17,1181,1168.2
Switzerland,2020-05-24,1089,1184
Switzerland,2020-05-31,1154,1156.8
Switzerland,2020-06-07,1132,1132.2
Switzerland,2020-06-14,1132,1122
Switzerland,2020-06-21,1147,1185.8
Switzerland,2020-06-28,1137,1201.8
Switzerland,2020-07-05,1135,1181
Switzerland,2020-07-12,1091,1150.4
Switzerland,2020-07-19,1134,1189.6
Switzerland,2020-07-26,1239,1139.6
Switzerland,2020-08-02,1094,1169
Switzerland,2020-08-09,1151,1150.6
US - Alabama,2020-01-05,1094,1139.6
US - Alabama,2020-01-12,1148,1163.6
US - Alabama,2020-01-19,1076,1130.4
US - Alabama,2020-01-26,1085,1117.6
US - Alabama,2020-02-02,1053,1117.6
US - Alabama,2020-02-09,1121,1117.6
US - Alabama,2020-02-16,1102,1106.4
US - Alabama,2020-02-23,1115,1089
US - Alabama,2020-03-01,1180,1081.4
US - Alabama,2020-03-08,1097,1079.6
US - Alabama,2020-03-15,1098,1073.2
US - Alabama,2020-03-22,1087,1024.6
US - Alabama,2020-03-29,1091,1010.8
US - Alabama,2020-04-05,1172,1034.8
US - Alabama,2020-04-12,1144,1000.2
US - Alabama,2020-04-19,1152,1009.8
US - Alabama,2020-04-26,1149,1002.2
US - Alabama,2020-05-03,1149,991.4
US - Alabama,2020-05-10,1185,993.2
US - Alabama,2020-05-17,1155,983.8
US - Alabama,2020-05-24,1144,955.2
US - Alabama,2020-05-31,1110,944.6
US - Alabama,2020-06-07,1175,992.4
US - Alabama,2020-06-14,1126,942.2
US - Alabama,2020-06-21,1079,979.4
US - Alabama,2020-06-28,1141,951.4
US - Alabama,2020-07-05,1197,973
US - Alabama,2020-07-12,1227,987.6
US - Alabama,2020-07-19,1191,957.6
US - Alabama,2020-07-26,1225,946.8
US - Alabama,2020-08-02,1112,954.2
US - Alaska,2020-01-05,91,90.4
US - Alaska,2020-01-12,108,90.4
US - Alaska,2020-01-19,103,93.8
US - Alaska,2020-01-26,102,90.4
US - Alaska,2020-02-02,91,90.8
US - Alaska,2020-02-09,95,80.6
US - Alaska,2020-02-16,93,85.6
US - Alaska,2020-02-23,89,81.6
US - Alaska,2020-03-01,92,85
US - Alaska,2020-03-08,83,88.4
US - Alaska,2020-03-15,94,85.4
US - Alaska,2020-03-22,67,85.6
US - Alaska,2020-03-29,92,88.2
US - Alaska,2020-04-05,101,87
US - Alaska,2020-04-12,83,87.8
US - Alaska,2020-04-19,84,82
US - Alaska,2020-04-26,69,84
US - Alaska,2020-05-03,86,86
US - Alaska,2020-05-10,95,89.6
US - Alaska,2020-05-17,85,85.2
US - Alaska,2020-05-24,84,76.6
US - Alaska,2020-05-31,102,82.8
US - Alaska,2020-06-07,79,83
US - Alaska,2020-06-14,86,80
US - Alaska,2020-06-21,85,81.4
US - Alaska,2020-06-28,86,76.6
US - Alaska,2020-07-05,72,82.8
US - Alaska,2020-07-12,84,88.6
US - Alaska,2020-07-19,67,79.8
US - Alaska,2020-07-26,64,73.4
US - Alaska,2020-08-02,66,75.2
US - Arizona,2020-01-05,1277,1241
US - Arizona,2020-01-12,1351,1267.6
US - Arizona,2020-01-19,1262,1182.2
US - Arizona,2020-01-26,1239,1226.8
US - Arizona,2020-02-02,1246,1205.2
US - Arizona,2020-02-09,1225,1187
US - Arizona,2020-02-16,1272,1160.4
US - Arizona,2020-02-23,1282,1145.4
US - Arizona,2020-03-01,1311,1178
US - Arizona,2020-03-08,1334,1201.6
US - Arizona,2020-03-15,1289,1183.8
US - Arizona,2020-03-22,1253,1158.8
US - Arizona,2020-03-29,1278,1131.4
US - Arizona,2020-04-05,1321,1150.2
US - Arizona,2020-04-12,1372,1146.6
US - Arizona,2020-04-19,1287,1108.6
US - Arizona,2020-04-26,1371,1105.6
US - Arizona,2020-05-03,1377,1097.2
US - Arizona,2020-05-10,1393,1100
US - Arizona,2020-05-17,1294,1062.6
US - Arizona,2020-05-24,1244,1042.2
US - Arizona,2020-05-31,1290,1089.8
US - Arizona,2020-06-07,1380,1078.8
US - Arizona,2020-06-14,1453,1070.8
US - Arizona,2020-06-21,1522,1065
US - Arizona,2020-06-28,1578,1091
US - Arizona,2020-07-05,1745,1069.2
US - Arizona,2020-07-12,1891,1040
US - Arizona,2020-07-19,1900,1047.4
US - Arizona,2020-07-26,1751,1049.4
US - Arizona,2020-08-02,1611,1031
US - Arkansas,2020-01-05,697,706.8
US - Arkansas,2020-01-12,693,676
US - Arkansas,2020-01-19,659,679.8
US - Arkansas,2020-01-26,621,667.4
US - Arkansas,2020-02-02,688,668
US - Arkansas,2020-02-09,687,658.2
US - Arkansas,2020-02-16,701,655.4
US - Arkansas,2020-02-23,697,685.6
US - Arkansas,2020-03-01,666,651.2
US - Arkansas,2020-03-08,697,649.8
US - Arkansas,2020-03-15,625,647.6
US - Arkansas,2020-03-22,645,615.8
US - Arkansas,2020-03-29,648,640.6
US - Arkansas,2020-04-05,618,619
US - Arkansas,2020-04-12,630,624.4
US - Arkansas,2020-04-19,640,595.2
US - Arkansas,2020-04-26,624,605.2
US - Arkansas,2020-05-03,634,599.6
US - Arkansas,2020-05-10,663,602.8
US - Arkansas,2020-05-17,595,607.4
US - Arkansas,2020-05-24,653,598.8
US - Arkansas,2020-05-31,626,594.6
US - Arkansas,2020-06-07,656,583.2
US - Arkansas,2020-06-14,671,603.4
US - Arkansas,2020-06-21,701,570.8
US - Arkansas,2020-06-28,666,584
US - Arkansas,2020-07-05,686,590.6
US - Arkansas,2020-07-12,654,592
US - Arkansas,2020-07-19,679,594
US - Arkansas,2020-07-26,669,560
US - Arkansas,2020-08-02,625,565.8
US - California,2020-01-05,5863,6043
US - California,2020-01-12,5842,6042.6
US - California,2020-01-19,5790,5758.6
US - California,2020-01-26,5797,5581.2
US - California,2020-02-02,5661,5630
US - California,2020-02-09,5898,5583.8
US - California,2020-02-16,5560,5563.2
US - California,2020-02-23,5759,5487.2
US - California,2020-03-01,5659,5593.8
US - California,2020-03-08,5696,5497.2
US - California,2020-03-15,5431,5437.6
US - California,2020-03-22,5654,5230.8
US - California,2020-03-29,5663,5169.4
US - California,2020-04-05,5964,5222
US - California,2020-04-12,6012,5098.8
US - California,2020-04-19,6101,5021
US - California,2020-04-26,5913,5057.4
US - California,2020-05-03,5686,4985.6
US - California,2020-05-10,5635,4870.8
US - California,2020-05-17,5646,4833.8
US - California,2020-05-24,5520,4892.4
US - California,2020-05-31,5552,4879.8
US - California,2020-06-07,5467,4869.2
US - California,2020-06-14,5524,4835.2
US - California,2020-06-21,5412,4874.4
US - California,2020-06-28,5636,4798.6
US - California,2020-07-05,5795,4716.6
US - California,2020-07-12,5912,4746
US - California,2020-07-19,6050,4702.6
US - California,2020-07-26,5923,4762.8
US - California,2020-08-02,5633,4684.2
US - Colorado,2020-01-05,839,826
US - Colorado,2020-01-12,854,820.4
US - Colorado,2020-01-19,834,772
US - Colorado,2020-01-26,845,779
US - Colorado,2020-02-02,787,765.4
US - Colorado,2020-02-09,833,770.8
US - Colorado,2020-02-16,801,779.8
US - Colorado,2020-02-23,870,761.6
US - Colorado,2020-03-01,830,739.6
US - Colorado,2020-03-08,810,770.6
US - Colorado,2020-03-15,808,772.2
US - Colorado,2020-03-22,874,776
US - Colorado,2020-03-29,859,750.4
US - Colorado,2020-04-05,957,747.4
US - Colorado,2020-04-12,1086,768.2
US - Colorado,2020-04-19,1107,746.6
US - Colorado,2020-04-26,1061,718.4
US - Colorado,2020-05-03,991,726.4
US - Colorado,2020-05-10,893,732.6
US - Colorado,2020-05-17,867,711.2
US - Colorado,2020-05-24,842,713.8
US - Colorado,2020-05-31,815,677.2
US - Colorado,2020-06-07,806,704.4
US - Colorado,2020-06-14,798,697
US - Colorado,2020-06-21,844,685
US - Colorado,2020-06-28,841,666.2
US - Colorado,2020-07-05,729,679
US - Colorado,2020-07-12,721,673.8
US - Colorado,2020-07-19,760,671.2
US - Colorado,2020-07-26,800,679.8
US - Colorado,2020-08-02,769,692.4
US - Connecticut,2020-01-05,638,646.8
US - Connecticut,2020-01-12,622,666.6
US - Connecticut,2020-01-19,637,661
US - Connecticut,2020-01-26,648,664.6
US - Connecticut,2020-02-02,669,666.2
US - Connecticut,2020-02-09,640,673.2
US - Connecticut,2020-02-16,627,650
US - Connecticut,2020-02-23,647,646
US - Connecticut,2020-03-01,623,656.4
US - Connecticut,2020-03-08,633,630.4
US - Connecticut,2020-03-15,622,610.6
US - Connecticut,2020-03-22,655,643
US - Connecticut,2020-03-29,734,614.2
US - Connecticut,2020-04-05,856,639.4
US - Connecticut,2020-04-12,1218,625.6
US - Connecticut,2020-04-19,1351,601.6
US - Connecticut,2020-04-26,1323,602.8
US - Connecticut,2020-05-03,1144,575
US - Connecticut,2020-05-10,1031,577.2
US - Connecticut,2020-05-17,934,546
US - Connecticut,2020-05-24,805,568.8
US - Connecticut,2020-05-31,747,554.4
US - Connecticut,2020-06-07,617,579.8
US - Connecticut,2020-06-14,562,552.2
US - Connecticut,2020-06-21,521,555.2
US - Connecticut,2020-06-28,563,560.4
US - Connecticut,2020-07-05,414,575
US - Connecticut,2020-07-12,316,568
US - Connecticut,2020-07-19,196,553.8
US - Delaware,2020-01-05,207,202.8
US - Delaware,2020-01-12,186,196
US - Delaware,2020-01-19,182,196.6
US - Delaware,2020-01-26,203,194.8
US - Delaware,2020-02-02,195,181.4
US - Delaware,2020-02-09,198,185
US - Delaware,2020-02-16,210,195.2
US - Delaware,2020-02-23,190,183.8
US - Delaware,2020-03-01,163,172.8
US - Delaware,2020-03-08,209,179.2
US - Delaware,2020-03-15,185,181.4
US - Delaware,2020-03-22,221,182.8
US - Delaware,2020-03-29,200,189.4
US - Delaware,2020-04-05,215,166.8
US - Delaware,2020-04-12,222,172.2
US - Delaware,2020-04-19,224,186.8
US - Delaware,2020-04-26,281,162.2
US - Delaware,2020-05-03,255,161.4
US - Delaware,2020-05-10,264,165
US - Delaware,2020-05-17,269,158.2
US - Delaware,2020-05-24,227,166.4
US - Delaware,2020-05-31,212,160.8
US - Delaware,2020-06-07,181,168.6
US - Delaware,2020-06-14,189,164.4
US - Delaware,2020-06-21,155,157.4
US - Delaware,2020-06-28,196,166.6
US - Delaware,2020-07-05,191,166
US - Delaware,2020-07-12,190,163.6
US - Delaware,2020-07-19,183,171.6
US - Delaware,2020-07-26,174,154.6
US - Delaware,2020-08-02,148,149.2
US - District of Columbia,2020-01-05,95,109.2
US - District of Columbia,2020-01-12,98,111.8
US - District of Columbia,2020-01-19,102,98.4
US - District of Columbia,2020-01-26,102,104.6
US - District of Columbia,2020-02-02,122,100.8
US - District of Columbia,2020-02-09,111,105.4
US - District of Columbia,2020-02-16,101,104.4
US - District of Columbia,2020-02-23,96,90.2
US - District of Columbia,2020-03-01,120,94.8
US - District of Columbia,2020-03-08,95,106
US - District of Columbia,2020-03-15,87,91.2
US - District of Columbia,2020-03-22,105,95.6
US - District of Columbia,2020-03-29,110,103.6
US - District of Columbia,2020-04-05,127,96.8
US - District of Columbia,2020-04-12,182,98.6
US - District of Columbia,2020-04-19,178,93.6
US - District of Columbia,2020-04-26,209,99
US - District of Columbia,2020-05-03,191,96
US - District of Columbia,2020-05-10,200,85.8
US - District of Columbia,2020-05-17,149,85.6
US - District of Columbia,2020-05-24,151,83
US - District of Columbia,2020-05-31,145,88.8
US - District of Columbia,2020-06-07,113,93
US - District of Columbia,2020-06-14,133,88.6
US - District of Columbia,2020-06-21,110,90
US - District of Columbia,2020-06-28,97,93.4
US - District of Columbia,2020-07-05,101,90.2
US - District of Columbia,2020-07-12,109,85.2
US - District of Columbia,2020-07-19,95,92.2
US - District of Columbia,2020-07-26,86,92.8
US - District of Columbia,2020-08-02,87,86.4
US - Florida,2020-01-05,4239,4081
US - Florida,2020-01-12,4310,4146.4
US - Florida,2020-01-19,4272,4138.8
US - Florida,2020-01-26,4257,4061
US - Florida,2020-02-02,4296,4201.2
US - Florida,2020-02-09,4247,4144.8
US - Florida,2020-02-16,4223,4118.2
US - Florida,2020-02-23,4260,4086
US - Florida,2020-03-01,4236,4022.2
US - Florida,2020-03-08,4370,4025.8
US - Florida,2020-03-15,4267,4011.8
US - Florida,2020-03-22,4227,4004.2
US - Florida,2020-03-29,4326,3993.8
US - Florida,2020-04-05,4376,3932.6
US - Florida,2020-04-12,4449,3906.8
US - Florida,2020-04-19,4334,3838.4
US - Florida,2020-04-26,4487,3804
US - Florida,2020-05-03,4290,3837.4
US - Florida,2020-05-10,4315,3834.6
US - Florida,2020-05-17,4231,3763.8
US - Florida,2020-05-24,4295,3708.8
US - Florida,2020-05-31,4128,3751
US - Florida,2020-06-07,4195,3744
US - Florida,2020-06-14,4188,3705.4
US - Florida,2020-06-21,4334,3727.8
US - Florida,2020-06-28,4451,3677.8
US - Florida,2020-07-05,4654,3787.6
US - Florida,2020-07-12,4991,3701.6
US - Florida,2020-07-19,5278,3680.2
US - Florida,2020-07-26,5351,3659.6
US - Florida,2020-08-02,5017,3719.2
US - Georgia,2020-01-05,1810,1773.2
US - Georgia,2020-01-12,1794,1782
US - Georgia,2020-01-19,1722,1746.8
US - Georgia,2020-01-26,1808,1716.8
US - Georgia,2020-02-02,1790,1712.4
US - Georgia,2020-02-09,1783,1719.6
US - Georgia,2020-02-16,1748,1692.4
US - Georgia,2020-02-23,1725,1669.2
US - Georgia,2020-03-01,1836,1625.2
US - Georgia,2020-03-08,1714,1672
US - Georgia,2020-03-15,1762,1652.4
US - Georgia,2020-03-22,1742,1623.6
US - Georgia,2020-03-29,1833,1650.2
US - Georgia,2020-04-05,2007,1591.6
US - Georgia,2020-04-12,2018,1580.4
US - Georgia,2020-04-19,1992,1600.8
US - Georgia,2020-04-26,1996,1581.2
US - Georgia,2020-05-03,1946,1568.8
US - Georgia,2020-05-10,1960,1557.4
US - Georgia,2020-05-17,1899,1523.4
US - Georgia,2020-05-24,1860,1498.4
US - Georgia,2020-05-31,1715,1519.8
US - Georgia,2020-06-07,1706,1540.6
US - Georgia,2020-06-14,1656,1518
US - Georgia,2020-06-21,1689,1524.8
US - Georgia,2020-06-28,1693,1472.6
US - Georgia,2020-07-05,1713,1496.4
US - Georgia,2020-07-12,1792,1508.2
US - Georgia,2020-07-19,1846,1522.8
US - Georgia,2020-07-26,1739,1518.4
US - Georgia,2020-08-02,1520,1509.6
US - Hawaii,2020-01-05,239,243.8
US - Hawaii,2020-01-12,240,234
US - Hawaii,2020-01-19,208,237.8
US - Hawaii,2020-01-26,236,219
US - Hawaii,2020-02-02,243,231
US - Hawaii,2020-02-09,237,220.2
US - Hawaii,2020-02-16,275,230.6
US - Hawaii,2020-02-23,243,217.8
US - Hawaii,2020-03-01,236,226.2
US - Hawaii,2020-03-08,224,234
US - Hawaii,2020-03-15,244,234
US - Hawaii,2020-03-22,211,217.8
US - Hawaii,2020-03-29,235,225.4
US - Hawaii,2020-04-05,232,218.4
US - Hawaii,2020-04-12,220,216.4
US - Hawaii,2020-04-19,205,197.6
US - Hawaii,2020-04-26,200,209.2
US - Hawaii,2020-05-03,221,212
US - Hawaii,2020-05-10,212,217.6
US - Hawaii,2020-05-17,237,218.4
US - Hawaii,2020-05-24,205,209.2
US - Hawaii,2020-05-31,202,204
US - Hawaii,2020-06-07,216,208.6
US - Hawaii,2020-06-14,202,227
US - Hawaii,2020-06-21,242,221.4
US - Hawaii,2020-06-28,234,217
US - Hawaii,2020-07-05,201,206.8
US - Hawaii,2020-07-12,221,219.6
US - Hawaii,2020-07-19,201,202.4
US - Hawaii,2020-07-26,221,211.4
US - Hawaii,2020-08-02,205,201.4
US - Idaho,2020-01-05,279,293
US - Idaho,2020-01-12,288,285.4
US - Idaho,2020-01-19,292,269.6
US - Idaho,2020-01-26,272,279.2
US - Idaho,2020-02-02,253,282.2
US - Idaho,2020-02-09,285,268.4
US - Idaho,2020-02-16,283,277.8
US - Idaho,2020-02-23,323,285.2
US - Idaho,2020-03-01,290,282.6
US - Idaho,2020-03-08,268,275.8
US - Idaho,2020-03-15,286,269.6
US - Idaho,2020-03-22,309,287.2
US - Idaho,2020-03-29,336,259.4
US - Idaho,2020-04-05,272,276.8
US - Idaho,2020-04-12,307,270.8
US - Idaho,2020-04-19,284,279.6
US - Idaho,2020-04-26,264,253.8
US - Idaho,2020-05-03,246,267.4
US - Idaho,2020-05-10,302,255.2
US - Idaho,2020-05-17,273,269.6
US - Idaho,2020-05-24,261,269.6
US - Idaho,2020-05-31,278,264.4
US - Idaho,2020-06-07,288,265.4
US - Idaho,2020-06-14,288,258
US - Idaho,2020-06-21,282,256.4
US - Idaho,2020-06-28,287,256.4
US - Idaho,2020-07-05,283,251.4
US - Idaho,2020-07-12,270,248.4
US - Idaho,2020-07-19,300,243.8
US - Idaho,2020-07-26,314,243.2
US - Idaho,2020-08-02,292,245.6
US - Illinois,2020-01-05,2260,2370.8
US - Illinois,2020-01-12,2322,2381.2
US - Illinois,2020-01-19,2309,2321.4
US - Illinois,2020-01-26,2291,2224.6
US - Illinois,2020-02-02,2215,2215.2
US - Illinois,2020-02-09,2307,2236.8
US - Illinois,2020-02-16,2271,2255.6
US - Illinois,2020-02-23,2290,2232.2
US - Illinois,2020-03-01,2293,2185.4
US - Illinois,2020-03-08,2303,2193
US - Illinois,2020-03-15,2247,2149.4
US - Illinois,2020-03-22,2364,2185.2
US - Illinois,2020-03-29,2359,2144.2
US - Illinois,2020-04-05,2695,2133.4
US - Illinois,2020-04-12,2936,2106.6
US - Illinois,2020-04-19,2991,2072.6
US - Illinois,2020-04-26,3056,2030
US - Illinois,2020-05-03,3006,2052
US - Illinois,2020-05-10,3023,1990.4
US - Illinois,2020-05-17,2915,2026.2
US - Illinois,2020-05-24,2691,1987.4
US - Illinois,2020-05-31,2584,1984.8
US - Illinois,2020-06-07,2556,1976.8
US - Illinois,2020-06-14,2342,1917.4
US - Illinois,2020-06-21,2320,1951.2
US - Illinois,2020-06-28,2189,1933.8
US - Illinois,2020-07-05,2234,1963.2
US - Illinois,2020-07-12,2211,1957.4
US - Illinois,2020-07-19,2084,1960.8
US - Illinois,2020-07-26,2011,1932.8
US - Illinois,2020-08-02,2022,1948
US - Indiana,2020-01-05,1444,1422.4
US - Indiana,2020-01-12,1391,1418.6
US - Indiana,2020-01-19,1375,1377.2
US - Indiana,2020-01-26,1402,1346.8
US - Indiana,2020-02-02,1366,1339.6
US - Indiana,2020-02-09,1338,1342.4
US - Indiana,2020-02-16,1405,1315.4
US - Indiana,2020-02-23,1381,1330.2
US - Indiana,2020-03-01,1431,1328.2
US - Indiana,2020-03-08,1359,1314.2
US - Indiana,2020-03-15,1394,1319
US - Indiana,2020-03-22,1323,1292.6
US - Indiana,2020-03-29,1453,1305.4
US - Indiana,2020-04-05,1551,1276
US - Indiana,2020-04-12,1614,1277.6
US - Indiana,2020-04-19,1483,1250.6
US - Indiana,2020-04-26,1575,1215.2
US - Indiana,2020-05-03,1501,1210.4
US - Indiana,2020-05-10,1554,1205.6
US - Indiana,2020-05-17,1543,1172.4
US - Indiana,2020-05-24,1439,1205.6
US - Indiana,2020-05-31,1362,1142.6
US - Indiana,2020-06-07,1372,1181
US - Indiana,2020-06-14,1367,1148.8
US - Indiana,2020-06-21,1310,1144
US - Indiana,2020-06-28,1335,1174.8
US - Indiana,2020-07-05,1281,1155
US - Indiana,2020-07-12,1254,1150.4
US - Indiana,2020-07-19,1258,1165.4
US - Indiana,2020-07-26,1150,1134.4
US - Indiana,2020-08-02,1118,1160.6
US - Iowa,2020-01-05,666,664.4
US - Iowa,2020-01-12,650,665.8
US - Iowa,2020-01-19,633,649.6
US - Iowa,2020-01-26,642,620.6
US - Iowa,2020-02-02,626,619
US - Iowa,2020-02-09,653,622.2
US - Iowa,2020-02-16,610,631.8
US - Iowa,2020-02-23,657,632.6
US - Iowa,2020-03-01,664,608
US - Iowa,2020-03-08,629,603.4
US - Iowa,2020-03-15,645,617.4
US - Iowa,2020-03-22,610,612.8
US - Iowa,2020-03-29,608,582.8
US - Iowa,2020-04-05,609,595.2
US - Iowa,2020-04-12,606,587
US - Iowa,2020-04-19,635,571.8
US - Iowa,2020-04-26,597,580.4
US - Iowa,2020-05-03,670,575.6
US - Iowa,2020-05-10,696,548
US - Iowa,2020-05-17,674,551.8
US - Iowa,2020-05-24,613,545.6
US - Iowa,2020-05-31,614,543.4
US - Iowa,2020-06-07,589,541
US - Iowa,2020-06-14,596,553.4
US - Iowa,2020-06-21,568,534.4
US - Iowa,2020-06-28,547,542.2
US - Iowa,2020-07-05,589,526.4
US - Iowa,2020-07-12,535,532.8
US - Iowa,2020-07-19,575,511.8
US - Iowa,2020-07-26,609,554.6
US - Iowa,2020-08-02,553,521
US - Kansas,2020-01-05,605,606.6
US - Kansas,2020-01-12,582,594
US - Kansas,2020-01-19,600,561.4
US - Kansas,2020-01-26,586,560.6
US - Kansas,2020-02-02,564,566.8
US - Kansas,2020-02-09,520,554.2
US - Kansas,2020-02-16,588,570.4
US - Kansas,2020-02-23,585,558.8
US - Kansas,2020-03-01,559,555.6
US - Kansas,2020-03-08,586,548.6
US - Kansas,2020-03-15,546,548.2
US - Kansas,2020-03-22,535,550
US - Kansas,2020-03-29,542,528.6
US - Kansas,2020-04-05,560,530.6
US - Kansas,2020-04-12,543,515.2
US - Kansas,2020-04-19,565,500
US - Kansas,2020-04-26,555,494.8
US - Kansas,2020-05-03,527,497.6
US - Kansas,2020-05-10,520,516
US - Kansas,2020-05-17,543,487.2
US - Kansas,2020-05-24,523,480.2
US - Kansas,2020-05-31,531,470.6
US - Kansas,2020-06-07,518,512
US - Kansas,2020-06-14,528,482.4
US - Kansas,2020-06-21,512,491.8
US - Kansas,2020-06-28,529,498.6
US - Kansas,2020-07-05,568,505.8
US - Kansas,2020-07-12,501,495.4
US - Kansas,2020-07-19,526,495.8
US - Kansas,2020-07-26,537,482
US - Kansas,2020-08-02,499,478
US - Kentucky,2020-01-05,1095,1022
US - Kentucky,2020-01-12,1059,1065.4
US - Kentucky,2020-01-19,1044,1021.2
US - Kentucky,2020-01-26,947,989.4
US - Kentucky,2020-02-02,978,993.8
US - Kentucky,2020-02-09,958,992.2
US - Kentucky,2020-02-16,961,972.4
US - Kentucky,2020-02-23,996,983.6
US - Kentucky,2020-03-01,1027,989.6
US - Kentucky,2020-03-08,993,981.8
US - Kentucky,2020-03-15,1040,944.2
US - Kentucky,2020-03-22,951,951.8
US - Kentucky,2020-03-29,935,949
US - Kentucky,2020-04-05,1048,934
US - Kentucky,2020-04-12,1030,945.8
US - Kentucky,2020-04-19,951,933.6
US - Kentucky,2020-04-26,957,906.8
US - Kentucky,2020-05-03,998,894.8
US - Kentucky,2020-05-10,1002,901.2
US - Kentucky,2020-05-17,980,890.2
US - Kentucky,2020-05-24,967,869
US - Kentucky,2020-05-31,981,855.2
US - Kentucky,2020-06-07,883,877.2
US - Kentucky,2020-06-14,955,878.6
US - Kentucky,2020-06-21,933,853
US - Kentucky,2020-06-28,903,864.4
US - Kentucky,2020-07-05,916,882
US - Kentucky,2020-07-12,969,866
US - Kentucky,2020-07-19,851,858
US - Kentucky,2020-07-26,785,856.6
US - Kentucky,2020-08-02,759,858.4
US - Louisiana,2020-01-05,929,964.4
US - Louisiana,2020-01-12,949,962.2
US - Louisiana,2020-01-19,945,967.4
US - Louisiana,2020-01-26,956,933.8
US - Louisiana,2020-02-02,962,930.2
US - Louisiana,2020-02-09,938,948.4
US - Louisiana,2020-02-16,930,919
US - Louisiana,2020-02-23,925,913.2
US - Louisiana,2020-03-01,980,881.6
US - Louisiana,2020-03-08,943,871.4
US - Louisiana,2020-03-15,977,886
US - Louisiana,2020-03-22,939,890
US - Louisiana,2020-03-29,1222,883
US - Louisiana,2020-04-05,1375,884.2
US - Louisiana,2020-04-12,1510,853.2
US - Louisiana,2020-04-19,1353,843
US - Louisiana,2020-04-26,1240,869.2
US - Louisiana,2020-05-03,1169,834.2
US - Louisiana,2020-05-10,1120,855.4
US - Louisiana,2020-05-17,1089,841.8
US - Louisiana,2020-05-24,1041,820.6
US - Louisiana,2020-05-31,1026,832.6
US - Louisiana,2020-06-07,993,862.6
US - Louisiana,2020-06-14,929,819.4
US - Louisiana,2020-06-21,945,805.4
US - Louisiana,2020-06-28,948,829.8
US - Louisiana,2020-07-05,913,811.6
US - Louisiana,2020-07-12,941,830.2
US - Louisiana,2020-07-19,968,833.8
US - Louisiana,2020-07-26,972,809.6
US - Louisiana,2020-08-02,833,810.8
US - Maine,2020-01-05,325,300.2
US - Maine,2020-01-12,331,298.6
US - Maine,2020-01-19,303,301.6
US - Maine,2020-01-26,316,306.2
US - Maine,2020-02-02,298,290.2
US - Maine,2020-02-09,327,293.8
US - Maine,2020-02-16,331,298.4
US - Maine,2020-02-23,305,302.4
US - Maine,2020-03-01,298,289.4
US - Maine,2020-03-08,317,306.6
US - Maine,2020-03-15,310,300.6
US - Maine,2020-03-22,286,293.8
US - Maine,2020-03-29,282,302.4
US - Maine,2020-04-05,303,301.4
US - Maine,2020-04-12,311,302.8
US - Maine,2020-04-19,324,277
US - Maine,2020-04-26,293,288.8
US - Maine,2020-05-03,291,285
US - Maine,2020-05-10,299,274.4
US - Maine,2020-05-17,254,267.8
US - Maine,2020-05-24,273,274.4
US - Maine,2020-05-31,303,256
US - Maine,2020-06-07,258,250.2
US - Maine,2020-06-14,254,263
US - Maine,2020-06-21,275,263
US - Maine,2020-06-28,292,264.8
US - Maine,2020-07-05,280,264.4
US - Maine,2020-07-12,285,254.2
US - Maine,2020-07-19,299,261.8
US - Maine,2020-07-26,274,252.2
US - Maine,2020-08-02,277,260.4
US - Maryland,2020-01-05,1067,1058.2
US - Maryland,2020-01-12,1072,1072.8
US - Maryland,2020-01-19,1002,1029.8
US - Maryland,2020-01-26,1034,1039
US - Maryland,2020-02-02,1043,1023.2
US - Maryland,2020-02-09,1018,1020.2
US - Maryland,2020-02-16,1026,1003.4
US - Maryland,2020-02-23,974,997.6
US - Maryland,2020-03-01,1088,979.2
US - Maryland,2020-03-08,1069,991.4
US - Maryland,2020-03-15,1022,977.4
US - Maryland,2020-03-22,1077,974.2
US - Maryland,2020-03-29,1078,973.8
US - Maryland,2020-04-05,1204,969.4
US - Maryland,2020-04-12,1357,956.2
US - Maryland,2020-04-19,1375,937.8
US - Maryland,2020-04-26,1547,945.4
US - Maryland,2020-05-03,1511,929
US - Maryland,2020-05-10,1437,893.6
US - Maryland,2020-05-17,1415,901.4
US - Maryland,2020-05-24,1329,911.4
US - Maryland,2020-05-31,1261,885.8
US - Maryland,2020-06-07,1169,909.8
US - Maryland,2020-06-14,1158,914
US - Maryland,2020-06-21,1066,888.4
US - Maryland,2020-06-28,1023,904.6
US - Maryland,2020-07-05,1046,901.6
US - Maryland,2020-07-12,1005,889.6
US - Maryland,2020-07-19,1012,899.6
US - Maryland,2020-07-26,975,887
US - Maryland,2020-08-02,1006,894.6
US - Massachusetts,2020-01-05,1210,1231.2
US - Massachusetts,2020-01-12,1237,1281.4
US - Massachusetts,2020-01-19,1162,1261.6
US - Massachusetts,2020-01-26,1302,1252.8
US - Massachusetts,2020-02-02,1189,1244.6
US - Massachusetts,2020-02-09,1235,1215.6
US - Massachusetts,2020-02-16,1235,1220.6
US - Massachusetts,2020-02-23,1163,1179
US - Massachusetts,2020-03-01,1277,1212.4
US - Massachusetts,2020-03-08,1201,1206.4
US - Massachusetts,2020-03-15,1305,1154.4
US - Massachusetts,2020-03-22,1158,1149.6
US - Massachusetts,2020-03-29,1279,1200.2
US - Massachusetts,2020-04-05,1540,1176
US - Massachusetts,2020-04-12,2017,1162.2
US - Massachusetts,2020-04-19,2483,1127.8
US - Massachusetts,2020-04-26,2528,1105.8
US - Massachusetts,2020-05-03,2294,1120.8
US - Massachusetts,2020-05-10,2036,1079
US - Massachusetts,2020-05-17,1876,1048.4
US - Massachusetts,2020-05-24,1557,1063.4
US - Massachusetts,2020-05-31,1343,1062.4
US - Massachusetts,2020-06-07,1208,1059.4
US - Massachusetts,2020-06-14,1126,1048.4
US - Massachusetts,2020-06-21,1110,1035.4
US - Massachusetts,2020-06-28,1067,1037.6
US - Massachusetts,2020-07-05,1043,1060.8
US - Massachusetts,2020-07-12,1017,1031.4
US - Massachusetts,2020-07-19,1029,1012.2
US - Massachusetts,2020-07-26,1051,1035
US - Massachusetts,2020-08-02,964,1035.8
US - Michigan,2020-01-05,2060,2093.2
US - Michigan,2020-01-12,2100,2083.6
US - Michigan,2020-01-19,1967,2063.8
US - Michigan,2020-01-26,2035,1987.2
US - Michigan,2020-02-02,2030,1958
US - Michigan,2020-02-09,1988,2011.2
US - Michigan,2020-02-16,2053,1987
US - Michigan,2020-02-23,2104,1984.4
US - Michigan,2020-03-01,2013,2024.6
US - Michigan,2020-03-08,2025,2014.6
US - Michigan,2020-03-15,1988,1967.6
US - Michigan,2020-03-22,2070,1945.4
US - Michigan,2020-03-29,2470,1931.6
US - Michigan,2020-04-05,3141,1971.8
US - Michigan,2020-04-12,3392,1947.8
US - Michigan,2020-04-19,3176,1870.6
US - Michigan,2020-04-26,2817,1892.2
US - Michigan,2020-05-03,2612,1855.6
US - Michigan,2020-05-10,2258,1829
US - Michigan,2020-05-17,2186,1792.8
US - Michigan,2020-05-24,2035,1775
US - Michigan,2020-05-31,1973,1783
US - Michigan,2020-06-07,2010,1773.8
US - Michigan,2020-06-14,1870,1781.8
US - Michigan,2020-06-21,1877,1768.4
US - Michigan,2020-06-28,1920,1746.8
US - Michigan,2020-07-05,1963,1760.2
US - Michigan,2020-07-12,1863,1731.4
US - Michigan,2020-07-19,1853,1770
US - Michigan,2020-07-26,1837,1709.8
US - Michigan,2020-08-02,1818,1749.8
US - Minnesota,2020-01-05,994,931.8
US - Minnesota,2020-01-12,945,959.8
US - Minnesota,2020-01-19,949,923
US - Minnesota,2020-01-26,954,901.8
US - Minnesota,2020-02-02,940,894
US - Minnesota,2020-02-09,925,908.8
US - Minnesota,2020-02-16,933,902.2
US - Minnesota,2020-02-23,914,876
US - Minnesota,2020-03-01,941,880
US - Minnesota,2020-03-08,963,876
US - Minnesota,2020-03-15,890,852.6
US - Minnesota,2020-03-22,898,860.6
US - Minnesota,2020-03-29,908,862.6
US - Minnesota,2020-04-05,925,869.4
US - Minnesota,2020-04-12,945,890.4
US - Minnesota,2020-04-19,956,838.8
US - Minnesota,2020-04-26,1018,813.2
US - Minnesota,2020-05-03,1049,826.8
US - Minnesota,2020-05-10,1049,826.2
US - Minnesota,2020-05-17,1001,811.4
US - Minnesota,2020-05-24,1009,794
US - Minnesota,2020-05-31,1013,778.6
US - Minnesota,2020-06-07,1032,779
US - Minnesota,2020-06-14,956,776.4
US - Minnesota,2020-06-21,919,770.8
US - Minnesota,2020-06-28,829,793.8
US - Minnesota,2020-07-05,868,777.6
US - Minnesota,2020-07-12,824,780.6
US - Minnesota,2020-07-19,810,765
US - Minnesota,2020-07-26,802,793.6
US - Minnesota,2020-08-02,725,800.2
US - Mississippi,2020-01-05,674,695.4
US - Mississippi,2020-01-12,673,694.2
US - Mississippi,2020-01-19,647,662.8
US - Mississippi,2020-01-26,623,666.8
US - Mississippi,2020-02-02,640,665
US - Mississippi,2020-02-09,727,682.2
US - Mississippi,2020-02-16,666,666.6
US - Mississippi,2020-02-23,643,655.4
US - Mississippi,2020-03-01,691,632.6
US - Mississippi,2020-03-08,678,651.2
US - Mississippi,2020-03-15,650,638
US - Mississippi,2020-03-22,647,635.2
US - Mississippi,2020-03-29,703,611.8
US - Mississippi,2020-04-05,728,637.4
US - Mississippi,2020-04-12,710,612.4
US - Mississippi,2020-04-19,743,596.8
US - Mississippi,2020-04-26,752,605.4
US - Mississippi,2020-05-03,754,611.2
US - Mississippi,2020-05-10,751,611
US - Mississippi,2020-05-17,786,595.2
US - Mississippi,2020-05-24,723,588.6
US - Mississippi,2020-05-31,770,604.6
US - Mississippi,2020-06-07,731,609.6
US - Mississippi,2020-06-14,709,597.2
US - Mississippi,2020-06-21,736,580.2
US - Mississippi,2020-06-28,700,578
US - Mississippi,2020-07-05,706,594.4
US - Mississippi,2020-07-12,785,609
US - Mississippi,2020-07-19,764,571
US - Mississippi,2020-07-26,809,560.2
US - Mississippi,2020-08-02,751,585
US - Missouri,2020-01-05,1264,1337.4
US - Missouri,2020-01-12,1288,1334
US - Missouri,2020-01-19,1266,1353.6
US - Missouri,2020-01-26,1307,1319.6
US - Missouri,2020-02-02,1308,1266.4
US - Missouri,2020-02-09,1289,1256.8
US - Missouri,2020-02-16,1314,1322.2
US - Missouri,2020-02-23,1317,1267.8
US - Missouri,2020-03-01,1305,1251.2
US - Missouri,2020-03-08,1357,1253
US - Missouri,2020-03-15,1251,1232.2
US - Missouri,2020-03-22,1221,1245.2
US - Missouri,2020-03-29,1290,1189.6
US - Missouri,2020-04-05,1253,1182.2
US - Missouri,2020-04-12,1412,1175.8
US - Missouri,2020-04-19,1295,1183.6
US - Missouri,2020-04-26,1395,1156.6
US - Missouri,2020-05-03,1344,1176.8
US - Missouri,2020-05-10,1362,1094
US - Missouri,2020-05-17,1290,1107.4
US - Missouri,2020-05-24,1233,1142.8
US - Missouri,2020-05-31,1165,1107
US - Missouri,2020-06-07,1193,1123.4
US - Missouri,2020-06-14,1165,1106.6
US - Missouri,2020-06-21,1143,1113.2
US - Missouri,2020-06-28,1164,1138.6
US - Missouri,2020-07-05,1133,1124.2
US - Missouri,2020-07-12,1119,1120.4
US - Missouri,2020-07-19,1164,1107.4
US - Missouri,2020-07-26,1083,1102.6
US - Missouri,2020-08-02,996,1069.4
US - Montana,2020-01-05,234,209.6
US - Montana,2020-01-12,213,212
US - Montana,2020-01-19,212,198.4
US - Montana,2020-01-26,201,207
US - Montana,2020-02-02,226,199
US - Montana,2020-02-09,203,204.4
US - Montana,2020-02-16,195,206.4
US - Montana,2020-02-23,226,219.8
US - Montana,2020-03-01,238,197.2
US - Montana,2020-03-08,226,208.8
US - Montana,2020-03-15,227,199.8
US - Montana,2020-03-22,232,203.4
US - Montana,2020-03-29,206,187.6
US - Montana,2020-04-05,184,202.4
US - Montana,2020-04-12,218,196.2
US - Montana,2020-04-19,194,200.6
US - Montana,2020-04-26,192,191.8
US - Montana,2020-05-03,208,190.6
US - Montana,2020-05-10,181,190
US - Montana,2020-05-17,200,191.6
US - Montana,2020-05-24,179,183.4
US - Montana,2020-05-31,176,174.8
US - Montana,2020-06-07,177,188.2
US - Montana,2020-06-14,220,187
US - Montana,2020-06-21,194,181.8
US - Montana,2020-06-28,196,182.8
US - Montana,2020-07-05,168,190.4
US - Montana,2020-07-12,185,182.8
US - Montana,2020-07-19,197,191.6
US - Montana,2020-07-26,210,193.2
US - Montana,2020-08-02,194,189.6
US - Nebraska,2020-01-05,344,374.2
US - Nebraska,2020-01-12,358,372.6
US - Nebraska,2020-01-19,323,360.6
US - Nebraska,2020-01-26,364,360
US - Nebraska,2020-02-02,362,342
US - Nebraska,2020-02-09,336,343.2
US - Nebraska,2020-02-16,319,344.2
US - Nebraska,2020-02-23,316,344.6
US - Nebraska,2020-03-01,334,337
US - Nebraska,2020-03-08,352,340
US - Nebraska,2020-03-15,342,341.8
US - Nebraska,2020-03-22,340,309.6
US - Nebraska,2020-03-29,328,344.4
US - Nebraska,2020-04-05,311,333
US - Nebraska,2020-04-12,336,330.8
US - Nebraska,2020-04-19,352,312.6
US - Nebraska,2020-04-26,349,308.4
US - Nebraska,2020-05-03,347,319.6
US - Nebraska,2020-05-10,345,305.4
US - Nebraska,2020-05-17,355,306.6
US - Nebraska,2020-05-24,354,297.8
US - Nebraska,2020-05-31,381,301.6
US - Nebraska,2020-06-07,323,306.6
US - Nebraska,2020-06-14,314,302.8
US - Nebraska,2020-06-21,360,303
US - Nebraska,2020-06-28,313,309.6
US - Nebraska,2020-07-05,296,307.6
US - Nebraska,2020-07-12,306,302.8
US - Nebraska,2020-07-19,312,286
US - Nebraska,2020-07-26,332,297
US - Nebraska,2020-08-02,320,298
US - Nevada,2020-01-05,506,532.2
US - Nevada,2020-01-12,531,530
US - Nevada,2020-01-19,586,503.8
US - Nevada,2020-01-26,561,497
US - Nevada,2020-02-02,505,503.8
US - Nevada,2020-02-09,553,503.4
US - Nevada,2020-02-16,512,476
US - Nevada,2020-02-23,534,484.2
US - Nevada,2020-03-01,519,503.2
US - Nevada,2020-03-08,514,489.4
US - Nevada,2020-03-15,495,502.6
US - Nevada,2020-03-22,487,476
US - Nevada,2020-03-29,531,472.2
US - Nevada,2020-04-05,575,470.4
US - Nevada,2020-04-12,574,468
US - Nevada,2020-04-19,549,484.2
US - Nevada,2020-04-26,567,487.8
US - Nevada,2020-05-03,537,446.2
US - Nevada,2020-05-10,539,456.8
US - Nevada,2020-05-17,506,434.2
US - Nevada,2020-05-24,524,444.2
US - Nevada,2020-05-31,539,453
US - Nevada,2020-06-07,557,457.8
US - Nevada,2020-06-14,528,465.4
US - Nevada,2020-06-21,502,457.4
US - Nevada,2020-06-28,534,467
US - Nevada,2020-07-05,506,451.4
US - Nevada,2020-07-12,590,455.8
US - Nevada,2020-07-19,567,443.4
US - Nevada,2020-07-26,602,431.8
US - Nevada,2020-08-02,517,455.4
US - New Hampshire,2020-01-05,266,260
US - New Hampshire,2020-01-12,267,261.6
US - New Hampshire,2020-01-19,245,255.8
US - New Hampshire,2020-01-26,240,256.8
US - New Hampshire,2020-02-02,247,274.6
US - New Hampshire,2020-02-09,255,267.2
US - New Hampshire,2020-02-16,249,271
US - New Hampshire,2020-02-23,284,265.4
US - New Hampshire,2020-03-01,231,247.4
US - New Hampshire,2020-03-08,280,256.2
US - New Hampshire,2020-03-15,255,242.2
US - New Hampshire,2020-03-22,257,244.4
US - New Hampshire,2020-03-29,260,244.2
US - New Hampshire,2020-04-05,258,256.6
US - New Hampshire,2020-04-12,268,230.6
US - New Hampshire,2020-04-19,246,248.6
US - New Hampshire,2020-04-26,268,240
US - New Hampshire,2020-05-03,270,236.6
US - New Hampshire,2020-05-10,302,234
US - New Hampshire,2020-05-17,289,223.8
US - New Hampshire,2020-05-24,281,223
US - New Hampshire,2020-05-31,260,220.4
US - New Hampshire,2020-06-07,270,210.6
US - New Hampshire,2020-06-14,289,213.8
US - New Hampshire,2020-06-21,240,231.2
US - New Hampshire,2020-06-28,251,223
US - New Hampshire,2020-07-05,235,223.4
US - New Hampshire,2020-07-12,253,215.4
US - New Hampshire,2020-07-19,236,226
US - New Hampshire,2020-07-26,258,219.8
US - New Hampshire,2020-08-02,253,219
US - New Jersey,2020-01-05,1640,1575.6
US - New Jersey,2020-01-12,1598,1651.4
US - New Jersey,2020-01-19,1507,1590.2
US - New Jersey,2020-01-26,1590,1605
US - New Jersey,2020-02-02,1539,1589.8
US - New Jersey,2020-02-09,1510,1595.2
US - New Jersey,2020-02-16,1506,1573.8
US - New Jersey,2020-02-23,1510,1535.2
US - New Jersey,2020-03-01,1598,1531
US - New Jersey,2020-03-08,1539,1528.8
US - New Jersey,2020-03-15,1482,1495.4
US - New Jersey,2020-03-22,1620,1507.4
US - New Jersey,2020-03-29,2135,1455
US - New Jersey,2020-04-05,3463,1467
US - New Jersey,2020-04-12,4740,1436
US - New Jersey,2020-04-19,4677,1412.8
US - New Jersey,2020-04-26,3958,1384.8
US - New Jersey,2020-05-03,3137,1396.4
US - New Jersey,2020-05-10,2577,1359.6
US - New Jersey,2020-05-17,2275,1335.8
US - New Jersey,2020-05-24,1926,1344.8
US - New Jersey,2020-05-31,1730,1335.8
US - New Jersey,2020-06-07,1580,1350.4
US - New Jersey,2020-06-14,1493,1362.4
US - New Jersey,2020-06-21,1417,1322.6
US - New Jersey,2020-06-28,1431,1341.2
US - New Jersey,2020-07-05,1408,1364.8
US - New Jersey,2020-07-12,1370,1324
US - New Jersey,2020-07-19,1318,1324.8
US - New Jersey,2020-07-26,1353,1314.8
US - New Jersey,2020-08-02,1351,1327.4
US - New Mexico,2020-01-05,428,397.8
US - New Mexico,2020-01-12,422,396.8
US - New Mexico,2020-01-19,412,404.4
US - New Mexico,2020-01-26,405,385
US - New Mexico,2020-02-02,384,377.2
US - New Mexico,2020-02-09,388,397.2
US - New Mexico,2020-02-16,396,385.6
US - New Mexico,2020-02-23,399,390.8
US - New Mexico,2020-03-01,411,395.2
US - New Mexico,2020-03-08,400,384.6
US - New Mexico,2020-03-15,352,388.2
US - New Mexico,2020-03-22,396,378.6
US - New Mexico,2020-03-29,364,375.6
US - New Mexico,2020-04-05,401,369.6
US - New Mexico,2020-04-12,409,368.8
US - New Mexico,2020-04-19,417,361.4
US - New Mexico,2020-04-26,404,355
US - New Mexico,2020-05-03,423,360.4
US - New Mexico,2020-05-10,424,353.4
US - New Mexico,2020-05-17,460,338
US - New Mexico,2020-05-24,401,328.8
US - New Mexico,2020-05-31,424,351.2
US - New Mexico,2020-06-07,437,346.2
US - New Mexico,2020-06-14,415,345.2
US - New Mexico,2020-06-21,403,323.8
US - New Mexico,2020-06-28,387,335.4
US - New Mexico,2020-07-05,427,329.8
US - New Mexico,2020-07-12,375,348.8
US - New Mexico,2020-07-19,357,338.2
US - New Mexico,2020-07-26,374,327
US - New Mexico,2020-08-02,344,316.6
US - New York City,2020-01-05,1117,1215.2
US - New York City,2020-01-12,1113,1170.4
US - New York City,2020-01-19,1130,1152.2
US - New York City,2020-01-26,1164,1175
US - New York City,2020-02-02,1147,1131.6
US - New York City,2020-02-09,1141,1180
US - New York City,2020-02-16,1122,1127.2
US - New York City,2020-02-23,1057,1106
US - New York City,2020-03-01,1100,1097
US - New York City,2020-03-08,1088,1081
US - New York City,2020-03-15,1130,1088
US - New York City,2020-03-22,1393,1042.8
US - New York City,2020-03-29,2797,1038.4
US - New York City,2020-04-05,6381,1038
US - New York City,2020-04-12,8029,1058.4
US - New York City,2020-04-19,6097,1012
US - New York City,2020-04-26,4175,990
US - New York City,2020-05-03,2946,983.4
US - New York City,2020-05-10,2144,986.8
US - New York City,2020-05-17,1649,989
US - New York City,2020-05-24,1356,1009
US - New York City,2020-05-31,1174,953
US - New York City,2020-06-07,1133,960.2
US - New York City,2020-06-14,1097,955.4
US - New York City,2020-06-21,1007,981.2
US - New York City,2020-06-28,1075,958.4
US - New York City,2020-07-05,969,984.6
US - New York City,2020-07-12,1020,962.8
US - New York City,2020-07-19,962,964.6
US - New York City,2020-07-26,1021,953.6
US - New York City,2020-08-02,960,975.2
US - North Carolina,2020-01-05,1979,1998.6
US - North Carolina,2020-01-12,1986,2011.4
US - North Carolina,2020-01-19,1873,1899.8
US - North Carolina,2020-01-26,1957,1928.2
US - North Carolina,2020-02-02,1977,1917.4
US - North Carolina,2020-02-09,2058,1956.4
US - North Carolina,2020-02-16,2046,1948.4
US - North Carolina,2020-02-23,1916,1907
US - North Carolina,2020-03-01,1953,1906.2
US - North Carolina,2020-03-08,2016,1910
US - North Carolina,2020-03-15,2002,1817.2
US - North Carolina,2020-03-22,2028,1848.8
US - North Carolina,2020-03-29,1868,1825.6
US - North Carolina,2020-04-05,2008,1794.6
US - North Carolina,2020-04-12,1999,1796.8
US - North Carolina,2020-04-19,2024,1718.4
US - North Carolina,2020-04-26,2084,1691.4
US - North Carolina,2020-05-03,1946,1761
US - North Carolina,2020-05-10,2042,1717
US - North Carolina,2020-05-17,2047,1668.6
US - North Carolina,2020-05-24,2027,1712.8
US - North Carolina,2020-05-31,1967,1678.8
US - North Carolina,2020-06-07,1928,1716
US - North Carolina,2020-06-14,1797,1702.6
US - North Carolina,2020-06-21,1756,1685.4
US - North Carolina,2020-06-28,1526,1698.6
US - North Carolina,2020-07-05,1180,1703.4
US - North Carolina,2020-07-12,445,1645.8
US - North Dakota,2020-01-05,142,127
US - North Dakota,2020-01-12,147,136.8
US - North Dakota,2020-01-19,159,137.6
US - North Dakota,2020-01-26,138,128.2
US - North Dakota,2020-02-02,126,125
US - North Dakota,2020-02-09,134,120.6
US - North Dakota,2020-02-16,141,132.8
US - North Dakota,2020-02-23,164,126.4
US - North Dakota,2020-03-01,142,126
US - North Dakota,2020-03-08,160,129.8
US - North Dakota,2020-03-15,134,120.8
US - North Dakota,2020-03-22,141,130.6
US - North Dakota,2020-03-29,114,122.4
US - North Dakota,2020-04-05,122,136.4
US - North Dakota,2020-04-12,146,125.4
US - North Dakota,2020-04-19,141,125.6
US - North Dakota,2020-04-26,140,121.4
US - North Dakota,2020-05-03,139,125.2
US - North Dakota,2020-05-10,127,118.4
US - North Dakota,2020-05-17,135,122.4
US - North Dakota,2020-05-24,133,117.2
US - North Dakota,2020-05-31,127,121.6
US - North Dakota,2020-06-07,134,123.8
US - North Dakota,2020-06-14,135,116.8
US - North Dakota,2020-06-21,137,113
US - North Dakota,2020-06-28,115,117.6
US - North Dakota,2020-07-05,99,112.8
US - North Dakota,2020-07-12,114,111.4
US - North Dakota,2020-07-19,96,108
US - North Dakota,2020-07-26,80,113
US - North Dakota,2020-08-02,83,110
US - Ohio,2020-01-05,2554,2659.8
US - Ohio,2020-01-12,2623,2717.4
US - Ohio,2020-01-19,2469,2633.4
US - Ohio,2020-01-26,2558,2571
US - Ohio,2020-02-02,2493,2492.6
US - Ohio,2020-02-09,2529,2498.2
US - Ohio,2020-02-16,2479,2479.8
US - Ohio,2020-02-23,2535,2483.8
US - Ohio,2020-03-01,2469,2466.6
US - Ohio,2020-03-08,2502,2492
US - Ohio,2020-03-15,2567,2415.2
US - Ohio,2020-03-22,2503,2427.8
US - Ohio,2020-03-29,2515,2421.2
US - Ohio,2020-04-05,2571,2471.6
US - Ohio,2020-04-12,2607,2427.4
US - Ohio,2020-04-19,2638,2327
US - Ohio,2020-04-26,2807,2258
US - Ohio,2020-05-03,2713,2284.8
US - Ohio,2020-05-10,2599,2292.2
US - Ohio,2020-05-17,2679,2194.2
US - Ohio,2020-05-24,2651,2201.6
US - Ohio,2020-05-31,2491,2177
US - Ohio,2020-06-07,2538,2221.2
US - Ohio,2020-06-14,2392,2192
US - Ohio,2020-06-21,2356,2209.4
US - Ohio,2020-06-28,2359,2181.4
US - Ohio,2020-07-05,2418,2202.2
US - Ohio,2020-07-12,2413,2237.2
US - Ohio,2020-07-19,2357,2159
US - Ohio,2020-07-26,2143,2174.4
US - Ohio,2020-08-02,1831,2154.2
US - Oklahoma,2020-01-05,919,857.4
US - Oklahoma,2020-01-12,829,863.2
US - Oklahoma,2020-01-19,799,871.2
US - Oklahoma,2020-01-26,715,869.8
US - Oklahoma,2020-02-02,737,856.8
US - Oklahoma,2020-02-09,816,864.4
US - Oklahoma,2020-02-16,814,867.6
US - Oklahoma,2020-02-23,777,843.8
US - Oklahoma,2020-03-01,813,837
US - Oklahoma,2020-03-08,794,847.4
US - Oklahoma,2020-03-15,795,815.4
US - Oklahoma,2020-03-22,846,815
US - Oklahoma,2020-03-29,862,762
US - Oklahoma,2020-04-05,772,753.4
US - Oklahoma,2020-04-12,864,763.8
US - Oklahoma,2020-04-19,799,743
US - Oklahoma,2020-04-26,753,751.4
US - Oklahoma,2020-05-03,719,769.6
US - Oklahoma,2020-05-10,801,728.6
US - Oklahoma,2020-05-17,739,753
US - Oklahoma,2020-05-24,821,736.2
US - Oklahoma,2020-05-31,751,722.8
US - Oklahoma,2020-06-07,813,714.2
US - Oklahoma,2020-06-14,771,733.8
US - Oklahoma,2020-06-21,744,711
US - Oklahoma,2020-06-28,761,718.8
US - Oklahoma,2020-07-05,784,722.6
US - Oklahoma,2020-07-12,764,734
US - Oklahoma,2020-07-19,752,726.2
US - Oklahoma,2020-07-26,819,710.4
US - Oklahoma,2020-08-02,722,709.8
US - Oregon,2020-01-05,741,785.8
US - Oregon,2020-01-12,764,776
US - Oregon,2020-01-19,776,780.8
US - Oregon,2020-01-26,751,738.4
US - Oregon,2020-02-02,718,743.2
US - Oregon,2020-02-09,732,739.6
US - Oregon,2020-02-16,771,710.2
US - Oregon,2020-02-23,735,714.4
US - Oregon,2020-03-01,739,738.8
US - Oregon,2020-03-08,798,747.4
US - Oregon,2020-03-15,744,737.6
US - Oregon,2020-03-22,776,720.8
US - Oregon,2020-03-29,774,704.6
US - Oregon,2020-04-05,772,707.6
US - Oregon,2020-04-12,768,706.8
US - Oregon,2020-04-19,762,714.2
US - Oregon,2020-04-26,767,685.6
US - Oregon,2020-05-03,713,685.4
US - Oregon,2020-05-10,707,698.2
US - Oregon,2020-05-17,714,672.4
US - Oregon,2020-05-24,737,678.2
US - Oregon,2020-05-31,743,674.4
US - Oregon,2020-06-07,664,652.4
US - Oregon,2020-06-14,710,673.8
US - Oregon,2020-06-21,711,686.2
US - Oregon,2020-06-28,680,659.6
US - Oregon,2020-07-05,744,645
US - Oregon,2020-07-12,723,677.8
US - Oregon,2020-07-19,724,654.2
US - Oregon,2020-07-26,634,658.2
US - Oregon,2020-08-02,513,642.6
US - Pennsylvania,2020-01-05,2748,2890
US - Pennsylvania,2020-01-12,2785,2935
US - Pennsylvania,2020-01-19,2814,2913.2
US - Pennsylvania,2020-01-26,2711,2906
US - Pennsylvania,2020-02-02,2686,2811.4
US - Pennsylvania,2020-02-09,2722,2826.8
US - Pennsylvania,2020-02-16,2722,2848.2
US - Pennsylvania,2020-02-23,2629,2789.6
US - Pennsylvania,2020-03-01,2702,2783.2
US - Pennsylvania,2020-03-08,2615,2781.8
US - Pennsylvania,2020-03-15,2415,2733.6
US - Pennsylvania,2020-03-22,2325,2712
US - Pennsylvania,2020-03-29,2633,2680
US - Pennsylvania,2020-04-05,2901,2625.8
US - Pennsylvania,2020-04-12,3360,2655.8
US - Pennsylvania,2020-04-19,3640,2608.2
US - Pennsylvania,2020-04-26,3708,2529.6
US - Pennsylvania,2020-05-03,3490,2465.4
US - Pennsylvania,2020-05-10,3345,2433.6
US - Pennsylvania,2020-05-17,3172,2439.4
US - Pennsylvania,2020-05-24,2887,2465.8
US - Pennsylvania,2020-05-31,2721,2379.6
US - Pennsylvania,2020-06-07,2630,2445.6
US - Pennsylvania,2020-06-14,2476,2421
US - Pennsylvania,2020-06-21,2507,2386.6
US - Pennsylvania,2020-06-28,2451,2422.6
US - Pennsylvania,2020-07-05,2473,2377
US - Pennsylvania,2020-07-12,2546,2353.2
US - Pennsylvania,2020-07-19,2460,2373.2
US - Pennsylvania,2020-07-26,2367,2337.6
US - Pennsylvania,2020-08-02,2462,2334.2
US - Rhode Island,2020-01-05,225,213.2
US - Rhode Island,2020-01-12,199,216
US - Rhode Island,2020-01-19,205,205
US - Rhode Island,2020-01-26,194,222.4
US - Rhode Island,2020-02-02,216,211.8
US - Rhode Island,2020-02-09,233,226
US - Rhode Island,2020-02-16,189,215.2
US - Rhode Island,2020-02-23,195,207
US - Rhode Island,2020-03-01,228,201
US - Rhode Island,2020-03-08,243,210.8
US - Rhode Island,2020-03-15,190,197.6
US - Rhode Island,2020-03-22,207,204.4
US - Rhode Island,2020-03-29,196,191.2
US - Rhode Island,2020-04-05,225,205.6
US - Rhode Island,2020-04-12,245,194.2
US - Rhode Island,2020-04-19,270,200.2
US - Rhode Island,2020-04-26,275,197
US - Rhode Island,2020-05-03,317,207
US - Rhode Island,2020-05-10,369,182
US - Rhode Island,2020-05-17,292,203.6
US - Rhode Island,2020-05-24,264,178.2
US - Rhode Island,2020-05-31,239,166
US - Rhode Island,2020-06-07,232,187.8
US - Rhode Island,2020-06-14,199,177.2
US - Rhode Island,2020-06-21,216,184.8
US - Rhode Island,2020-06-28,182,182.2
US - Rhode Island,2020-07-05,143,180
US - Rhode Island,2020-07-12,141,174
US - Rhode Island,2020-07-19,143,185
US - Rhode Island,2020-07-26,122,174
US - Rhode Island,2020-08-02,105,170.2
US - South Carolina,2020-01-05,1103,1031.2
US - South Carolina,2020-01-12,1108,1050.6
US - South Carolina,2020-01-19,1089,1039.4
US - South Carolina,2020-01-26,1064,1022.8
US - South Carolina,2020-02-02,1028,1018.2
US - South Carolina,2020-02-09,1106,1036
US - South Carolina,2020-02-16,1013,1040
US - South Carolina,2020-02-23,1058,1011.6
US - South Carolina,2020-03-01,1066,994.6
US - South Carolina,2020-03-08,1164,991.8
US - South Carolina,2020-03-15,1112,987
US - South Carolina,2020-03-22,1082,962
US - South Carolina,2020-03-29,1057,961.4
US - South Carolina,2020-04-05,1079,952.2
US - South Carolina,2020-04-12,1137,930.8
US - South Carolina,2020-04-19,1065,914.8
US - South Carolina,2020-04-26,1052,920.2
US - South Carolina,2020-05-03,1045,900.4
US - South Carolina,2020-05-10,1077,906
US - South Carolina,2020-05-17,1112,929.8
US - South Carolina,2020-05-24,1051,901.2
US - South Carolina,2020-05-31,1057,907.6
US - South Carolina,2020-06-07,1061,896.4
US - South Carolina,2020-06-14,1096,896.2
US - South Carolina,2020-06-21,1050,915.4
US - South Carolina,2020-06-28,1083,884.2
US - South Carolina,2020-07-05,1166,901.8
US - South Carolina,2020-07-12,1192,874.6
US - South Carolina,2020-07-19,1309,868
US - South Carolina,2020-07-26,1302,893.4
US - South Carolina,2020-08-02,1219,891.6
US - South Dakota,2020-01-05,175,164.6
US - South Dakota,2020-01-12,158,161.4
US - South Dakota,2020-01-19,167,153
US - South Dakota,2020-01-26,155,171.8
US - South Dakota,2020-02-02,167,158.8
US - South Dakota,2020-02-09,149,157.4
US - South Dakota,2020-02-16,176,165.2
US - South Dakota,2020-02-23,176,161.4
US - South Dakota,2020-03-01,156,162
US - South Dakota,2020-03-08,193,165.6
US - South Dakota,2020-03-15,170,162.8
US - South Dakota,2020-03-22,159,165
US - South Dakota,2020-03-29,154,155.2
US - South Dakota,2020-04-05,170,164.2
US - South Dakota,2020-04-12,149,162.2
US - South Dakota,2020-04-19,157,155.6
US - South Dakota,2020-04-26,171,143
US - South Dakota,2020-05-03,156,150.4
US - South Dakota,2020-05-10,178,149.8
US - South Dakota,2020-05-17,149,141.4
US - South Dakota,2020-05-24,158,140.2
US - South Dakota,2020-05-31,149,137.6
US - South Dakota,2020-06-07,144,150
US - South Dakota,2020-06-14,152,146
US - South Dakota,2020-06-21,170,149.6
US - South Dakota,2020-06-28,150,139
US - South Dakota,2020-07-05,150,143.6
US - South Dakota,2020-07-12,162,150.2
US - South Dakota,2020-07-19,144,139
US - South Dakota,2020-07-26,152,146.2
US - South Dakota,2020-08-02,118,142.6
US - Tennessee,2020-01-05,1557,1510.6
US - Tennessee,2020-01-12,1599,1484.4
US - Tennessee,2020-01-19,1494,1460.6
US - Tennessee,2020-01-26,1443,1423.2
US - Tennessee,2020-02-02,1493,1427.8
US - Tennessee,2020-02-09,1514,1453.8
US - Tennessee,2020-02-16,1380,1415.2
US - Tennessee,2020-02-23,1435,1413.4
US - Tennessee,2020-03-01,1421,1398.2
US - Tennessee,2020-03-08,1546,1386.4
US - Tennessee,2020-03-15,1516,1370.6
US - Tennessee,2020-03-22,1443,1345.2
US - Tennessee,2020-03-29,1464,1341.4
US - Tennessee,2020-04-05,1509,1357.8
US - Tennessee,2020-04-12,1465,1326.2
US - Tennessee,2020-04-19,1475,1303.4
US - Tennessee,2020-04-26,1410,1314.4
US - Tennessee,2020-05-03,1430,1302.4
US - Tennessee,2020-05-10,1410,1281
US - Tennessee,2020-05-17,1475,1285
US - Tennessee,2020-05-24,1494,1278.8
US - Tennessee,2020-05-31,1378,1284.8
US - Tennessee,2020-06-07,1401,1306.8
US - Tennessee,2020-06-14,1424,1255.8
US - Tennessee,2020-06-21,1474,1263.6
US - Tennessee,2020-06-28,1498,1253.2
US - Tennessee,2020-07-05,1417,1293.2
US - Tennessee,2020-07-12,1492,1271.8
US - Tennessee,2020-07-19,1512,1251.4
US - Tennessee,2020-07-26,1536,1268.4
US - Tennessee,2020-08-02,1454,1284.8
US - Texas,2020-01-05,4237,4308.8
US - Texas,2020-01-12,4482,4322.2
US - Texas,2020-01-19,4207,4196.8
US - Texas,2020-01-26,4062,4087
US - Texas,2020-02-02,4114,4077.2
US - Texas,2020-02-09,4236,4089.2
US - Texas,2020-02-16,4286,4037.2
US - Texas,2020-02-23,4139,3977.2
US - Texas,2020-03-01,4072,3960.6
US - Texas,2020-03-08,4130,4006.4
US - Texas,2020-03-15,4102,3915.4
US - Texas,2020-03-22,4168,3858.6
US - Texas,2020-03-29,4183,3786
US - Texas,2020-04-05,4126,3735.2
US - Texas,2020-04-12,4205,3755.2
US - Texas,2020-04-19,4237,3683.4
US - Texas,2020-04-26,4383,3701.8
US - Texas,2020-05-03,4186,3707.2
US - Texas,2020-05-10,4217,3627.6
US - Texas,2020-05-17,4216,3640.4
US - Texas,2020-05-24,4176,3620
US - Texas,2020-05-31,4068,3605.6
US - Texas,2020-06-07,4134,3657.4
US - Texas,2020-06-14,4295,3607.8
US - Texas,2020-06-21,4408,3601.2
US - Texas,2020-06-28,4433,3579.2
US - Texas,2020-07-05,4809,3574.6
US - Texas,2020-07-12,5434,3558.4
US - Texas,2020-07-19,5689,3533.6
US - Texas,2020-07-26,5442,3582.4
US - Texas,2020-08-02,4430,3626
US - Utah,2020-01-05,374,408.2
US - Utah,2020-01-12,427,365.2
US - Utah,2020-01-19,401,349.2
US - Utah,2020-01-26,374,375.2
US - Utah,2020-02-02,352,353.6
US - Utah,2020-02-09,304,367
US - Utah,2020-02-16,404,359.2
US - Utah,2020-02-23,359,370.6
US - Utah,2020-03-01,385,367
US - Utah,2020-03-08,394,372.6
US - Utah,2020-03-15,396,355.2
US - Utah,2020-03-22,403,364
US - Utah,2020-03-29,381,340
US - Utah,2020-04-05,398,352.4
US - Utah,2020-04-12,376,354.8
US - Utah,2020-04-19,371,360.2
US - Utah,2020-04-26,378,327.6
US - Utah,2020-05-03,373,339
US - Utah,2020-05-10,357,345
US - Utah,2020-05-17,394,338.4
US - Utah,2020-05-24,363,353.2
US - Utah,2020-05-31,382,348
US - Utah,2020-06-07,391,339.4
US - Utah,2020-06-14,377,330.2
US - Utah,2020-06-21,388,341.8
US - Utah,2020-06-28,366,337.2
US - Utah,2020-07-05,423,326.8
US - Utah,2020-07-12,389,329.2
US - Utah,2020-07-19,420,339.8
US - Utah,2020-07-26,414,322.6
US - Utah,2020-08-02,409,333.4
US - Vermont,2020-01-05,101,120.2
US - Vermont,2020-01-12,116,125
US - Vermont,2020-01-19,139,120.6
US - Vermont,2020-01-26,117,126.6
US - Vermont,2020-02-02,107,124.8
US - Vermont,2020-02-09,115,122.4
US - Vermont,2020-02-16,132,117.2
US - Vermont,2020-02-23,121,118.6
US - Vermont,2020-03-01,139,107.2
US - Vermont,2020-03-08,119,132
US - Vermont,2020-03-15,141,120.4
US - Vermont,2020-03-22,140,121.4
US - Vermont,2020-03-29,113,114.6
US - Vermont,2020-04-05,129,111.8
US - Vermont,2020-04-12,123,123.8
US - Vermont,2020-04-19,134,117
US - Vermont,2020-04-26,123,118.6
US - Vermont,2020-05-03,108,112.2
US - Vermont,2020-05-10,114,104
US - Vermont,2020-05-17,110,100.8
US - Vermont,2020-05-24,109,109.4
US - Vermont,2020-05-31,134,110
US - Vermont,2020-06-07,118,109.2
US - Vermont,2020-06-14,116,108.8
US - Vermont,2020-06-21,99,104
US - Vermont,2020-06-28,131,96.8
US - Vermont,2020-07-05,94,111.4
US - Vermont,2020-07-12,114,100.8
US - Vermont,2020-07-19,91,103.2
US - Vermont,2020-07-26,125,99
US - Vermont,2020-08-02,105,106.6
US - Virginia,2020-01-05,1444,1452.8
US - Virginia,2020-01-12,1538,1466.6
US - Virginia,2020-01-19,1452,1433.4
US - Virginia,2020-01-26,1303,1393.4
US - Virginia,2020-02-02,1426,1403.4
US - Virginia,2020-02-09,1544,1414.6
US - Virginia,2020-02-16,1402,1401.4
US - Virginia,2020-02-23,1456,1408.8
US - Virginia,2020-03-01,1408,1404
US - Virginia,2020-03-08,1508,1387.8
US - Virginia,2020-03-15,1459,1341.4
US - Virginia,2020-03-22,1459,1364.8
US - Virginia,2020-03-29,1531,1335.4
US - Virginia,2020-04-05,1484,1336.4
US - Virginia,2020-04-12,1616,1319.8
US - Virginia,2020-04-19,1603,1298.4
US - Virginia,2020-04-26,1645,1262.8
US - Virginia,2020-05-03,1673,1301.2
US - Virginia,2020-05-10,1596,1263
US - Virginia,2020-05-17,1588,1243.2
US - Virginia,2020-05-24,1478,1240.2
US - Virginia,2020-05-31,1456,1247.4
US - Virginia,2020-06-07,1428,1239
US - Virginia,2020-06-14,1438,1242.4
US - Virginia,2020-06-21,1324,1231.4
US - Virginia,2020-06-28,1435,1223.6
US - Virginia,2020-07-05,1380,1231.2
US - Virginia,2020-07-12,1470,1236.8
US - Virginia,2020-07-19,1324,1213.8
US - Virginia,2020-07-26,1400,1217.4
US - Virginia,2020-08-02,1327,1221.4
US - Washington,2020-01-05,1184,1220
US - Washington,2020-01-12,1248,1241.4
US - Washington,2020-01-19,1216,1213.8
US - Washington,2020-01-26,1190,1171.6
US - Washington,2020-02-02,1202,1152.6
US - Washington,2020-02-09,1192,1151.6
US - Washington,2020-02-16,1187,1169.4
US - Washington,2020-02-23,1117,1141.4
US - Washington,2020-03-01,1137,1147
US - Washington,2020-03-08,1208,1144
US - Washington,2020-03-15,1173,1130
US - Washington,2020-03-22,1223,1168
US - Washington,2020-03-29,1290,1096.4
US - Washington,2020-04-05,1318,1106.8
US - Washington,2020-04-12,1316,1089.4
US - Washington,2020-04-19,1240,1085
US - Washington,2020-04-26,1220,1026.8
US - Washington,2020-05-03,1158,1092.2
US - Washington,2020-05-10,1217,1070
US - Washington,2020-05-17,1140,1063.4
US - Washington,2020-05-24,1102,1001.6
US - Washington,2020-05-31,1049,1037.8
US - Washington,2020-06-07,1056,1032.2
US - Washington,2020-06-14,1089,1019.4
US - Washington,2020-06-21,1138,1009
US - Washington,2020-06-28,1087,1025.4
US - Washington,2020-07-05,1124,1037.6
US - Washington,2020-07-12,1143,1031.8
US - Washington,2020-07-19,1158,1011.6
US - Washington,2020-07-26,1165,1012.4
US - Washington,2020-08-02,1158,999.8
US - West Virginia,2020-01-05,487,515.4
US - West Virginia,2020-01-12,487,510.2
US - West Virginia,2020-01-19,538,515.6
US - West Virginia,2020-01-26,458,476.8
US - West Virginia,2020-02-02,476,490.2
US - West Virginia,2020-02-09,491,468.8
US - West Virginia,2020-02-16,481,484.2
US - West Virginia,2020-02-23,476,457
US - West Virginia,2020-03-01,463,457.6
US - West Virginia,2020-03-08,476,462.2
US - West Virginia,2020-03-15,460,464.6
US - West Virginia,2020-03-22,494,465
US - West Virginia,2020-03-29,489,470.4
US - West Virginia,2020-04-05,455,464.8
US - West Virginia,2020-04-12,491,465
US - West Virginia,2020-04-19,377,438.8
US - West Virginia,2020-04-26,426,437
US - West Virginia,2020-05-03,443,437.6
US - West Virginia,2020-05-10,440,422.6
US - West Virginia,2020-05-17,462,420.4
US - West Virginia,2020-05-24,420,412.8
US - West Virginia,2020-05-31,407,430.8
US - West Virginia,2020-06-07,380,425.2
US - West Virginia,2020-06-14,431,418
US - West Virginia,2020-06-21,387,422.4
US - West Virginia,2020-06-28,406,414.2
US - West Virginia,2020-07-05,351,425
US - West Virginia,2020-07-12,333,410
US - West Virginia,2020-07-19,296,401
US - West Virginia,2020-07-26,266,419.2
US - West Virginia,2020-08-02,122,402.8
US - Wisconsin,2020-01-05,1121,1139.6
US - Wisconsin,2020-01-12,1076,1112.2
US - Wisconsin,2020-01-19,1152,1110.6
US - Wisconsin,2020-01-26,1098,1096.4
US - Wisconsin,2020-02-02,1190,1079.8
US - Wisconsin,2020-02-09,1061,1061.2
US - Wisconsin,2020-02-16,1130,1036.8
US - Wisconsin,2020-02-23,1174,920.2
US - Wisconsin,2020-03-01,1142,914.8
US - Wisconsin,2020-03-08,1133,993
US - Wisconsin,2020-03-15,1118,1027
US - Wisconsin,2020-03-22,1115,1047.2
US - Wisconsin,2020-03-29,1147,1005.4
US - Wisconsin,2020-04-05,1243,1018.6
US - Wisconsin,2020-04-12,1182,1053.6
US - Wisconsin,2020-04-19,1153,1006.2
US - Wisconsin,2020-04-26,1040,992.6
US - Wisconsin,2020-05-03,1159,994
US - Wisconsin,2020-05-10,1096,986.4
US - Wisconsin,2020-05-17,1012,969.6
US - Wisconsin,2020-05-24,1079,962.2
US - Wisconsin,2020-05-31,1147,946
US - Wisconsin,2020-06-07,1045,924.6
US - Wisconsin,2020-06-14,1008,918.2
US - Wisconsin,2020-06-21,1084,927
US - Wisconsin,2020-06-28,1017,954.4
US - Wisconsin,2020-07-05,1044,925.6
US - Wisconsin,2020-07-12,1041,952.2
US - Wisconsin,2020-07-19,1028,915.6
US - Wisconsin,2020-07-26,1053,860.4
US - Wisconsin,2020-08-02,987,814
US - Wyoming,2020-01-05,154,103.2
US - Wyoming,2020-01-12,89,102.6
US - Wyoming,2020-01-19,113,101.4
US - Wyoming,2020-01-26,102,97.6
US - Wyoming,2020-02-02,104,101
US - Wyoming,2020-02-09,105,97.8
US - Wyoming,2020-02-16,90,94.4
US - Wyoming,2020-02-23,105,102.2
US - Wyoming,2020-03-01,109,99.4
US - Wyoming,2020-03-08,85,105.2
US - Wyoming,2020-03-15,100,102.4
US - Wyoming,2020-03-22,125,102.2
US - Wyoming,2020-03-29,99,95.4
US - Wyoming,2020-04-05,122,97.4
US - Wyoming,2020-04-12,107,92.8
US - Wyoming,2020-04-19,94,97
US - Wyoming,2020-04-26,102,81.4
US - Wyoming,2020-05-03,71,91.8
US - Wyoming,2020-05-10,86,92
US - Wyoming,2020-05-17,111,94.2
US - Wyoming,2020-05-24,101,90.2
US - Wyoming,2020-05-31,92,91.6
US - Wyoming,2020-06-07,115,87.8
US - Wyoming,2020-06-14,101,86.6
US - Wyoming,2020-06-21,105,88
US - Wyoming,2020-06-28,97,90.4
US - Wyoming,2020-07-05,100,92.2
US - Wyoming,2020-07-12,99,87.2
US - Wyoming,2020-07-19,104,89.6
US - Wyoming,2020-07-26,102,86.6
US - Wyoming,2020-08-02,80,88.8
US - New York,2020-01-05,3319,3393.8
US - New York,2020-01-12,3253,3384.2
US - New York,2020-01-19,3314,3285.2
US - New York,2020-01-26,3231,3353.2
US - New York,2020-02-02,3232,3257.2
US - New York,2020-02-09,3247,3277.4
US - New York,2020-02-16,3175,3214.4
US - New York,2020-02-23,3148,3189.2
US - New York,2020-03-01,3296,3196.2
US - New York,2020-03-08,3205,3203.8
US - New York,2020-03-15,3185,3102.6
US - New York,2020-03-22,3571,3086.8
US - New York,2020-03-29,5372,3057.6
US - New York,2020-04-05,10091,3027.6
US - New York,2020-04-12,12553,3079
US - New York,2020-04-19,10412,2984.4
US - New York,2020-04-26,7825,2917
US - New York,2020-05-03,6056,2912
US - New York,2020-05-10,4923,2825.8
US - New York,2020-05-17,4162,2841.2
US - New York,2020-05-24,3591,2897.4
US - New York,2020-05-31,3312,2733.2
US - New York,2020-06-07,3116,2790
US - New York,2020-06-14,3000,2817
US - New York,2020-06-21,2915,2804
US - New York,2020-06-28,3027,2771.8
US - New York,2020-07-05,2863,2835.2
US - New York,2020-07-12,2926,2754.4
US - New York,2020-07-19,2801,2779.8
US - New York,2020-07-26,2829,2760
US - New York,2020-08-02,2812,2761.2
